contact_name,date,date_human_est,date_iso,duration,image_files,number,post_dial_digits,presentation,readable_date,record_hash,source_id,subscription_component_name,subscription_id,type,uuid_v7
"Jesse Baker","2025-10-09T20:54:13.052Z","","2025-10-09T20:54:13.052Z","549","","+18108695919","","1","October 9, 2025 4:54:13 PM EDT","d30ebfe056492d7f55cdb3afa7ea6c739f7563d9e76f38a426a046396b2c9b75","calls-20251024002251","com.android.phone/com.android.services.telephony.TelephonyConnectionService","1","1","00-00-01-9b-64-bd-7d-2d-a6-e1-cb-68-59-b1-99-e8"
"Jesse Baker","2025-10-09T21:04:37.349Z","","2025-10-09T21:04:37.349Z","8","","+18108695919","","1","October 9, 2025 5:04:37 PM EDT","ea6b1d3f0eb563567d46ae4b2eb9ed0af28d8b304cd631727614b1dbeb9dc8df","calls-20251024002251","com.android.phone/com.android.services.telephony.TelephonyConnectionService","1","1","00-00-01-9b-64-bd-75-a2-8e-47-3b-9c-cf-db-bd-a1"
"Jesse Baker","2025-10-09T22:34:25.385Z","","2025-10-09T22:34:25.385Z","8","","+18108695919","","1","October 9, 2025 6:34:25 PM EDT","547707340befec26e21d9aea6e708e0598d91e9acdc405e090c6790b50a2db94","calls-20251024002251","com.android.phone/com.android.services.telephony.TelephonyConnectionService","1","2","00-00-01-9b-64-bd-7c-05-b5-3c-eb-43-12-3f-6b-66"
"Rob","2025-10-10T00:21:31.090Z","","2025-10-10T00:21:31.090Z","16","","+18105223283","","1","October 9, 2025 8:21:31 PM EDT","4aca64163a7d5aee465bb84f08a75f20cbc474e1630a8ad43bf75878b64b02ea","calls-20251024002251","com.android.phone/com.android.services.telephony.TelephonyConnectionService","1","2","00-00-01-9b-64-bd-77-e4-a1-e5-89-21-81-59-bd-d4"
"Jean Banks","2025-10-10T00:38:01.451Z","","2025-10-10T00:38:01.451Z","57","","+18105162021","","1","October 9, 2025 8:38:01 PM EDT","45e17df7fe9a3759f03afb00241b521997565912f40005f62423a41c42d00946","calls-20251024002251","com.android.phone/com.android.services.telephony.TelephonyConnectionService","1","2","00-00-01-9b-64-bd-7f-35-97-5a-85-6a-27-6b-0a-72"
"(Unknown)","2025-10-10T00:53:21.415Z","","2025-10-10T00:53:21.415Z","20","","8102999470","","1","October 9, 2025 8:53:21 PM EDT","54d54a7c7a5cabcda161306d2682b3f7d267943d9184ff497a331ad8eb0887b8","calls-20251024002251","com.android.phone/com.android.services.telephony.TelephonyConnectionService","1","2","00-00-01-9b-64-bd-75-fd-b0-91-a0-34-e5-bb-1c-25"
"Marsha","2025-10-10T02:59:20.449Z","","2025-10-10T02:59:20.449Z","130","","+18109860941","","1","October 9, 2025 10:59:20 PM EDT","fdca331a5a955902fbf742c6d122c11566cb75a6474a359f1ca044318c36a827","calls-20251024002251","com.android.phone/com.android.services.telephony.TelephonyConnectionService","1","1","00-00-01-9b-64-bd-7e-0b-97-62-02-78-e9-e7-46-4b"
"Marsha","2025-10-10T03:10:20.398Z","","2025-10-10T03:10:20.398Z","39","","+18109860941","","1","October 9, 2025 11:10:20 PM EDT","03a12322476165e8765347922505334ab755e25a93ceaf802b3ffa90fc69efed","calls-20251024002251","com.android.phone/com.android.services.telephony.TelephonyConnectionService","1","1","00-00-01-9b-64-bd-76-20-a8-ca-5a-cf-0f-99-e9-83"
"Marsha","2025-10-10T04:36:27.379Z","","2025-10-10T04:36:27.379Z","10","","+18109860941","","1","October 10, 2025 12:36:27 AM EDT","879b381be462f6c21f9205cb5253bb4a4d1606f52f194752aa0a2f018b045a16","calls-20251024002251","com.android.phone/com.android.services.telephony.TelephonyConnectionService","1","2","00-00-01-9b-64-bd-70-8f-b9-4d-28-17-ec-e1-64-d8"
"Jesse Baker","2025-10-10T10:04:44.083Z","","2025-10-10T10:04:44.083Z","17","","+18108695919","","1","October 10, 2025 6:04:44 AM EDT","e807a3f51be4ba4487c8dd170e4ec59f4804861abbbbe2e6c32014894c194f08","calls-20251024002251","com.android.phone/com.android.services.telephony.TelephonyConnectionService","1","1","00-00-01-9b-64-bd-7e-23-86-fc-b8-84-fc-e8-89-c5"
"Jesse Baker","2025-10-10T19:07:01.558Z","","2025-10-10T19:07:01.558Z","7","","+18108695919","","1","October 10, 2025 3:07:01 PM EDT","dfd4fe4e7ea9233c9de956eb46cfe53fde6920ba2513d4a7e2f63e7d27acba9e","calls-20251024002251","com.android.phone/com.android.services.telephony.TelephonyConnectionService","1","1","00-00-01-9b-64-bd-76-3c-a5-b2-ba-77-ce-54-83-37"
"Marsha","2025-10-11T00:27:57.421Z","","2025-10-11T00:27:57.421Z","0","","+18109860941","","1","October 10, 2025 8:27:57 PM EDT","3a16732db6aab21691f1865170bcb5ae3abb64ca51c4f6dfbc278ea9b834a05d","calls-20251024002251","com.android.phone/com.android.services.telephony.TelephonyConnectionService","1","2","00-00-01-9b-64-bd-75-91-ae-29-38-72-18-3a-d1-ba"
"(Unknown)","2025-10-11T16:53:15.529Z","","2025-10-11T16:53:15.529Z","490","","18887622265","","1","October 11, 2025 12:53:15 PM EDT","c5641911c954f8e7a819bda4e4cba2dc4327205cc189e18bd23d6b0a327b9f2e","calls-20251024002251","com.android.phone/com.android.services.telephony.TelephonyConnectionService","1","2","00-00-01-9b-64-bd-78-8e-ae-43-ef-4c-49-51-12-71"
"(Unknown)","2025-10-11T17:02:11.837Z","","2025-10-11T17:02:11.837Z","771","","18887622265","","1","October 11, 2025 1:02:11 PM EDT","93eefab31092436b10304eb8f13cbd22d679c8fe5715520c146f0fe8b8dc8ea9","calls-20251024002251","com.android.phone/com.android.services.telephony.TelephonyConnectionService","1","2","00-00-01-9b-64-bd-78-b4-b5-1a-71-15-6f-35-02-d4"
"Rob","2025-10-12T02:03:03.399Z","","2025-10-12T02:03:03.399Z","0","","+18105223283","","1","October 11, 2025 10:03:03 PM EDT","d4c60345da7c75c358c7b381df2d2a3f7f8d5627ba180996f04c30258b28251f","calls-20251024002251","com.google.android.apps.tachyon/com.google.android.apps.tachyon.telecom.TachyonTelecomConnectionService","0","2","00-00-01-9b-64-bd-7c-57-9d-c0-61-27-71-de-60-ec"
"Rob","2025-10-12T02:03:11.036Z","","2025-10-12T02:03:11.036Z","8","","+18105223283","","1","October 11, 2025 10:03:11 PM EDT","d97482f3b95556fb69297a03c2ddc6c04606ced02e009776a5f646277bbaae4d","calls-20251024002251","com.android.phone/com.android.services.telephony.TelephonyConnectionService","1","2","00-00-01-9b-64-bd-76-1f-a5-98-e0-16-41-b8-e9-fa"
"Shana","2025-10-12T02:28:27.117Z","","2025-10-12T02:28:27.117Z","5","","+18103361103","","1","October 11, 2025 10:28:27 PM EDT","68921f512428c03b2d8a70c2980e9f9b49e50aa58723d0463fa573d46def8393","calls-20251024002251","com.android.phone/com.android.services.telephony.TelephonyConnectionService","1","2","00-00-01-9b-64-bd-77-7e-93-24-cb-84-97-23-bd-5e"
"Rob","2025-10-12T04:11:23.181Z","","2025-10-12T04:11:23.181Z","27","","+18105223283","","1","October 12, 2025 12:11:23 AM EDT","e8755ee2b998e9eebc93b9b91698abf6ebe0302a51d161f0adacdbb07fc79c0f","calls-20251024002251","com.android.phone/com.android.services.telephony.TelephonyConnectionService","1","2","00-00-01-9b-64-bd-79-bd-ad-c7-f4-c4-76-7e-eb-2f"
"Marsha","2025-10-12T04:40:21.340Z","","2025-10-12T04:40:21.340Z","0","","+18109860941","","1","October 12, 2025 12:40:21 AM EDT","29ec4ed21b987616bfa6dd95d021a260454e4dd550b5078808a95bd67ffb3271","calls-20251024002251","com.android.phone/com.android.services.telephony.TelephonyConnectionService","1","3","00-00-01-9b-64-bd-7d-50-a1-50-4e-a1-f4-66-bc-70"
"(Unknown)","2025-10-12T18:40:31.304Z","","2025-10-12T18:40:31.304Z","14","","+18102999470","","1","October 12, 2025 2:40:31 PM EDT","253603f7602f365f918979a6f295ea37b857f196dede7ee8b1bf82f11002182b","calls-20251024002251","com.android.phone/com.android.services.telephony.TelephonyConnectionService","1","1","00-00-01-9b-64-bd-74-d3-80-1f-47-0e-5d-01-c2-bc"
"Shana","2025-10-13T02:55:48.957Z","","2025-10-13T02:55:48.957Z","13","","+18103361103","","1","October 12, 2025 10:55:48 PM EDT","266d2165f985d34c3a95bf712f34b831b17590e63eac918a9be65239d09ab0a3","calls-20251024002251","com.android.phone/com.android.services.telephony.TelephonyConnectionService","1","2","00-00-01-9b-64-bd-71-6c-8f-93-0a-c0-55-a7-13-1f"
"Shana","2025-10-13T02:57:05.443Z","","2025-10-13T02:57:05.443Z","13","","+18103361103","","1","October 12, 2025 10:57:05 PM EDT","0077e1f010c48d28004666c6779e90168cac12f57873043add2908e1258c1307","calls-20251024002251","com.android.phone/com.android.services.telephony.TelephonyConnectionService","1","1","00-00-01-9b-64-bd-77-93-89-cb-98-e8-6c-72-e9-a7"
"Jessie Hempton","2025-10-13T18:29:07.635Z","","2025-10-13T18:29:07.635Z","0","","+12602347305","","1","October 13, 2025 2:29:07 PM EDT","e4c2df85f67ad91dea659d2bd514a64aca522cdcbe1806299be6d1074f0d2927","calls-20251024002251","com.android.phone/com.android.services.telephony.TelephonyConnectionService","1","5","00-00-01-9b-64-bd-71-3d-84-b2-c2-00-62-42-35-e0"
"Shana","2025-10-13T19:02:58.291Z","","2025-10-13T19:02:58.291Z","6","","+18103361103","","1","October 13, 2025 3:02:58 PM EDT","c266fc858e7f3e7dc96d53ae3d4959ca78b4f54d95940859cd35612167aa603c","calls-20251024002251","com.android.phone/com.android.services.telephony.TelephonyConnectionService","1","2","00-00-01-9b-64-bd-75-93-94-fc-db-d3-1a-b3-1e-c0"
"Shana","2025-10-13T19:03:42.236Z","","2025-10-13T19:03:42.236Z","42","","+18103361103","","1","October 13, 2025 3:03:42 PM EDT","096af1a02e292c0fffd44494f14ab7411ad9af53d282644013dbac11d66a5875","calls-20251024002251","com.android.phone/com.android.services.telephony.TelephonyConnectionService","1","2","00-00-01-9b-64-bd-71-09-87-44-61-78-9b-ce-07-9f"
"(Unknown)","2025-10-13T19:05:48.686Z","","2025-10-13T19:05:48.686Z","24","","+18104244355","","1","October 13, 2025 3:05:48 PM EDT","c2db5c0850f0909fcbe8acbd24cced9719345d491e87527323b5e02333734113","calls-20251024002251","com.android.phone/com.android.services.telephony.TelephonyConnectionService","1","2","00-00-01-9b-64-bd-71-f1-83-8e-f6-9e-cc-1e-83-61"
"+19015041539","2025-10-13T19:05:54.133Z","","2025-10-13T19:05:54.133Z","0","","+19015041539","","1","October 13, 2025 3:05:54 PM EDT","19d9a4bdc1ec47748cfcc722c15e26628d393a08502fd255e7cd7001c9b57940","calls-20251024002251","com.android.phone/com.android.services.telephony.TelephonyConnectionService","1","3","00-00-01-9b-64-bd-74-88-9b-d8-50-47-2e-77-9d-d3"
"+19015041539","2025-10-13T19:06:52.111Z","","2025-10-13T19:06:52.111Z","0","","+19015041539","","1","October 13, 2025 3:06:52 PM EDT","141e2bf32d3adff2ea0fa4a12747a20e04968ff0f5bab597974e84a7383a94b1","calls-20251024002251","com.android.phone/com.android.services.telephony.TelephonyConnectionService","1","2","00-00-01-9b-64-bd-7e-e4-ac-3a-5b-e0-bb-5f-40-49"
"(Unknown)","2025-10-13T19:09:16.796Z","","2025-10-13T19:09:16.796Z","26","","+18104244355","","1","October 13, 2025 3:09:16 PM EDT","5645c862293d01c22ce8ffc2934639c93fa1dc0f23b76b669b5fe61f7a818989","calls-20251024002251","com.android.phone/com.android.services.telephony.TelephonyConnectionService","1","2","00-00-01-9b-64-bd-72-05-b6-dc-4f-cb-9b-02-79-9f"
"Shana","2025-10-13T19:12:54.792Z","","2025-10-13T19:12:54.792Z","4","","+18103361103","","1","October 13, 2025 3:12:54 PM EDT","b625f08259042d1f07ff946cab88d83f911ddb3461227261a7c466f3fddc7294","calls-20251024002251","com.android.phone/com.android.services.telephony.TelephonyConnectionService","1","2","00-00-01-9b-64-bd-76-c9-98-1f-f2-56-57-12-ba-c7"
"(Unknown)","2025-10-13T19:13:53.731Z","","2025-10-13T19:13:53.731Z","19","","+18104244355","","1","October 13, 2025 3:13:53 PM EDT","fce148a5ddb599dc0552b03e2c1e91286c0bf8010a6a7ef1ec34b834e2fa11e8","calls-20251024002251","com.android.phone/com.android.services.telephony.TelephonyConnectionService","1","2","00-00-01-9b-64-bd-70-28-9d-c5-0e-bd-68-43-7e-7f"
"(Unknown)","2025-10-13T19:14:37.674Z","","2025-10-13T19:14:37.674Z","23","","+18102573225","","1","October 13, 2025 3:14:37 PM EDT","b36e7dc5b86f1aebea3504e2e9d7a6aa8f04685f9ce3705dc35a80b3c0dfb6ef","calls-20251024002251","com.android.phone/com.android.services.telephony.TelephonyConnectionService","1","2","00-00-01-9b-64-bd-75-4c-8e-d6-e4-5b-71-3a-6f-ac"
"(Unknown)","2025-10-13T19:15:31.737Z","","2025-10-13T19:15:31.737Z","1","","+18104244355","","1","October 13, 2025 3:15:31 PM EDT","378d87a561c1951d0415ad7659f85b186eeda277d4f0770f325c2f439abf86aa","calls-20251024002251","com.android.phone/com.android.services.telephony.TelephonyConnectionService","1","2","00-00-01-9b-64-bd-70-73-9a-8a-1f-bf-a0-f7-04-51"
"(Unknown)","2025-10-13T19:15:50.756Z","","2025-10-13T19:15:50.756Z","83","","+18102573220","","1","October 13, 2025 3:15:50 PM EDT","7e23e7bf8f657b394219df6d6d04ad37061616260d571125bbe3e5e659dd5001","calls-20251024002251","com.android.phone/com.android.services.telephony.TelephonyConnectionService","1","2","00-00-01-9b-64-bd-74-c6-bd-ee-8b-aa-d0-66-45-09"
"Amy Rose","2025-10-13T19:19:49.640Z","","2025-10-13T19:19:49.640Z","38","","+18106100987","","1","October 13, 2025 3:19:49 PM EDT","09f486a2ff08a2467ce2f78f0197dc2a495ac1c6ef50ac511aac95a032df49df","calls-20251024002251","com.android.phone/com.android.services.telephony.TelephonyConnectionService","1","2","00-00-01-9b-64-bd-72-b6-b9-04-97-bf-9a-17-51-46"
"Bennie Mornin","2025-10-13T19:53:10.486Z","","2025-10-13T19:53:10.486Z","3","","8103363178","","1","October 13, 2025 3:53:10 PM EDT","72e196da80be4f7eb92bcba9cf455ea5c1060a03192117d2c1cf5e69376beb3a","calls-20251024002251","com.android.phone/com.android.services.telephony.TelephonyConnectionService","1","2","00-00-01-9b-64-bd-7b-63-9a-18-17-76-a1-e6-58-d7"
"Justin","2025-10-13T20:05:53.087Z","","2025-10-13T20:05:53.087Z","43","","+18107019820","","1","October 13, 2025 4:05:53 PM EDT","12a3d5407cd0b469caab0a066431bae44392cc180daba9c80673cc1f73ef19a9","calls-20251024002251","com.android.phone/com.android.services.telephony.TelephonyConnectionService","1","1","00-00-01-9b-64-bd-7c-a0-a8-3c-a7-11-40-1c-75-d5"
"Justin","2025-10-13T20:20:49.731Z","","2025-10-13T20:20:49.731Z","8","","+18107019820","","1","October 13, 2025 4:20:49 PM EDT","0b93e99ae9f3a439fa22e5cc5cfa0f3c41294cbcd3305245f068250aff5786fb","calls-20251024002251","com.android.phone/com.android.services.telephony.TelephonyConnectionService","1","1","00-00-01-9b-64-bd-7a-29-b7-3b-b8-27-cc-32-1e-4e"
"Amy Rose","2025-10-14T02:12:57.177Z","","2025-10-14T02:12:57.177Z","558","","+18106100987","","1","October 13, 2025 10:12:57 PM EDT","d3008b89bad9c35fd3af6ebc7b45e35121303db50d07b0e70131a3f8b9ebf370","calls-20251024002251","com.android.phone/com.android.services.telephony.TelephonyConnectionService","1","2","00-00-01-9b-64-bd-73-5d-a3-aa-a5-04-40-b6-3e-28"
"Shana","2025-10-14T02:35:41.021Z","","2025-10-14T02:35:41.021Z","7","","+18103361103","","1","October 13, 2025 10:35:41 PM EDT","0c1fa5093322c4e58c2cf849f45147f262d3b776faac7c27d3e4e4d283c02fc5","calls-20251024002251","com.android.phone/com.android.services.telephony.TelephonyConnectionService","1","2","00-00-01-9b-64-bd-75-41-95-79-2e-d7-2d-47-5b-d6"
"Shana","2025-10-14T02:40:54.978Z","","2025-10-14T02:40:54.978Z","5","","+18103361103","","1","October 13, 2025 10:40:54 PM EDT","53d9b4409f11bd024fb9586ca42cc6c7494b45b80681287cd2311d795c77f0f8","calls-20251024002251","com.android.phone/com.android.services.telephony.TelephonyConnectionService","1","2","00-00-01-9b-64-bd-71-d5-a4-b9-c7-44-cb-42-6f-bc"
"Joy Lee","2025-10-14T03:53:21.715Z","","2025-10-14T03:53:21.715Z","0","","+18104294515","","1","October 13, 2025 11:53:21 PM EDT","db9316bcba093e83722e79b7dc8dc880fa9c3703216b23e78246b8eb776e684d","calls-20251024002251","com.android.phone/com.android.services.telephony.TelephonyConnectionService","1","2","00-00-01-9b-64-bd-70-b5-89-99-d6-17-62-07-9c-64"
"(Unknown)","2025-10-14T05:14:55.502Z","","2025-10-14T05:14:55.502Z","0","","+18104293775","","1","October 14, 2025 1:14:55 AM EDT","4c78153854ede45d9cce363b6108120fc050938f572f83edaa6d26508810d84b","calls-20251024002251","com.android.phone/com.android.services.telephony.TelephonyConnectionService","1","3","00-00-01-9b-64-bd-7d-60-b0-8c-72-be-ad-10-2e-66"
"(Unknown)","2025-10-14T05:15:32.991Z","","2025-10-14T05:15:32.991Z","0","","+18104293775","","1","October 14, 2025 1:15:32 AM EDT","7de0441fcbf510e2e12cc5ffa0b87c2f88939047e3277714e23d8453622b28fd","calls-20251024002251","com.android.phone/com.android.services.telephony.TelephonyConnectionService","1","5","00-00-01-9b-64-bd-7b-51-97-c5-63-d0-b0-76-3f-77"
"(Unknown)","2025-10-14T05:42:42.577Z","","2025-10-14T05:42:42.577Z","0","","+18104293775","","1","October 14, 2025 1:42:42 AM EDT","c967ff3629de144d9332d42f58c661ad1e77a05c094c7d7679411e77a1a8e782","calls-20251024002251","com.android.phone/com.android.services.telephony.TelephonyConnectionService","1","5","00-00-01-9b-64-bd-77-12-bf-7f-6e-fa-e5-29-4b-d4"
"(Unknown)","2025-10-14T06:21:35.037Z","","2025-10-14T06:21:35.037Z","0","","+18104293775","","1","October 14, 2025 2:21:35 AM EDT","f4269187228015c21641fe3fd7786abd72799a376fd3d4665b0e756961ea66cf","calls-20251024002251","com.google.android.apps.tachyon/com.google.android.apps.tachyon.telecom.TachyonTelecomConnectionService","0","3","00-00-01-9b-64-bd-72-4f-b3-4f-b6-4f-20-49-02-c4"
"(Unknown)","2025-10-14T06:21:42.980Z","","2025-10-14T06:21:42.980Z","0","","+18104293775","","1","October 14, 2025 2:21:42 AM EDT","6ce70e376d894d9ff53a735f302ea8ad9c0a17b2d37192926f264ffabfbb5034","calls-20251024002251","com.google.android.apps.tachyon/com.google.android.apps.tachyon.telecom.TachyonTelecomConnectionService","0","3","00-00-01-9b-64-bd-72-bd-ae-91-8c-85-48-9a-a7-61"
"(Unknown)","2025-10-14T06:33:34.008Z","","2025-10-14T06:33:34.008Z","8","","+18104293775","","1","October 14, 2025 2:33:34 AM EDT","ea519f5ff64bd271d08f688c84f9dd3c20a7df6a45fc83185f521fe549df1d4e","calls-20251024002251","com.android.phone/com.android.services.telephony.TelephonyConnectionService","1","2","00-00-01-9b-64-bd-7b-26-9d-07-69-91-85-42-e0-b1"
"(Unknown)","2025-10-14T12:01:55.379Z","","2025-10-14T12:01:55.379Z","0","","+18104293775","","1","October 14, 2025 8:01:55 AM EDT","69f74115c34c3ba29075c5f30f005a1f429b468cf79e39c056f9fe98ea2e7e1d","calls-20251024002251","com.android.phone/com.android.services.telephony.TelephonyConnectionService","1","3","00-00-01-9b-64-bd-79-4a-b3-7e-0f-bc-71-11-c5-10"
"(Unknown)","2025-10-14T12:02:20.440Z","","2025-10-14T12:02:20.440Z","0","","+18104293775","","1","October 14, 2025 8:02:20 AM EDT","842d42ebdc2e3608997c38547b86f36f123f9dc335c9eeebd02111923a3f3d65","calls-20251024002251","com.android.phone/com.android.services.telephony.TelephonyConnectionService","1","3","00-00-01-9b-64-bd-74-08-8c-15-ec-6b-2d-cf-38-b9"
"(Unknown)","2025-10-14T14:59:55.516Z","","2025-10-14T14:59:55.516Z","0","","+18102022042","","1","October 14, 2025 10:59:55 AM EDT","d32b13d8408fe86878cc7d8b048cc74856a992c5eb576f69433e7543b1e61d31","calls-20251024002251","com.android.phone/com.android.services.telephony.TelephonyConnectionService","1","3","00-00-01-9b-64-bd-7c-49-bb-9e-0c-84-7e-e1-4d-c8"
"(Unknown)","2025-10-14T17:38:00.224Z","","2025-10-14T17:38:00.224Z","9","","+18104293775","","1","October 14, 2025 1:38:00 PM EDT","9dce0466799ba819aa087d0164c78436fb7427d352f8e1fe1beebfbe04e8b482","calls-20251024002251","com.android.phone/com.android.services.telephony.TelephonyConnectionService","1","2","00-00-01-9b-64-bd-78-68-a5-f6-4a-4b-11-41-b6-4f"
"(Unknown)","2025-10-14T18:30:39.105Z","","2025-10-14T18:30:39.105Z","5","","+18102022042","","1","October 14, 2025 2:30:39 PM EDT","7d227512c86fdb21ef42f3f88e8777c321eff6d24f66f486ca59e43b7228e76f","calls-20251024002251","com.android.phone/com.android.services.telephony.TelephonyConnectionService","2","2","00-00-01-9b-64-bd-71-b5-bb-cd-ae-65-ec-42-56-f3"
"+19015041539","2025-10-14T18:30:57.661Z","","2025-10-14T18:30:57.661Z","0","","+19015041539","","1","October 14, 2025 2:30:57 PM EDT","cf83ece519602c6c4ae5917fb59e365163ec669907f88dca41530b5f23814539","calls-20251024002251","com.android.phone/com.android.services.telephony.TelephonyConnectionService","2","2","00-00-01-9b-64-bd-77-1e-b8-34-ab-ff-9c-f5-28-7b"
"+19015041539","2025-10-14T18:31:09.732Z","","2025-10-14T18:31:09.732Z","0","","+19015041539","","1","October 14, 2025 2:31:09 PM EDT","892b1f81be97037f0f6310146f736cb4c033b7a90ca10286d27b773852ed957f","calls-20251024002251","com.android.phone/com.android.services.telephony.TelephonyConnectionService","1","2","00-00-01-9b-64-bd-74-9c-ae-c1-7e-4c-92-0a-66-47"
"+19015041539","2025-10-14T18:32:16.762Z","","2025-10-14T18:32:16.762Z","0","","9013387815","","1","October 14, 2025 2:32:16 PM EDT","a69ff52387803af40bf8b76a10d7c03a539d0fa9e66dac571d75b53a6c9ede2a","calls-20251024002251","com.android.phone/com.android.services.telephony.TelephonyConnectionService","2","2","00-00-01-9b-64-bd-77-25-99-97-a4-e2-df-3c-31-43"
"+19015041539","2025-10-14T18:32:56.590Z","","2025-10-14T18:32:56.590Z","0","","9013387815","","1","October 14, 2025 2:32:56 PM EDT","1f7a9d0d7ebe15525b4d9104e189c3cfd26fb657b2e73d19f7e0aa5f9979eb5a","calls-20251024002251","com.android.phone/com.android.services.telephony.TelephonyConnectionService","2","2","00-00-01-9b-64-bd-71-de-bc-87-9a-2d-55-69-c2-80"
"(Unknown)","2025-10-14T19:56:06.683Z","","2025-10-14T19:56:06.683Z","0","","+18104293775","","1","October 14, 2025 3:56:06 PM EDT","c5cf94e879f22dcea29bbd336f62d9d54e37815f95277bb8ae8c95bfb6464dc7","calls-20251024002251","com.android.phone/com.android.services.telephony.TelephonyConnectionService","1","5","00-00-01-9b-64-bd-71-dd-9a-e6-5a-ed-91-4b-06-e3"
"(Unknown)","2025-10-14T20:57:41.996Z","","2025-10-14T20:57:41.996Z","28","","+18104293775","","1","October 14, 2025 4:57:41 PM EDT","ce43ee9d9ef54b27cab1fe8fa2010657b74f976dd5b03e2357141226c0076a92","calls-20251024002251","com.android.phone/com.android.services.telephony.TelephonyConnectionService","1","2","00-00-01-9b-64-bd-7e-fa-ac-5c-c7-73-a7-b2-56-55"
"Kelly","2025-10-15T14:27:37.538Z","","2025-10-15T14:27:37.538Z","3","","+18104493483","","1","October 15, 2025 10:27:37 AM EDT","22ba064c3347a42b85b0ffce8b8e1d28f559169d038642b8c2688686a611807f","calls-20251024002251","com.android.phone/com.android.services.telephony.TelephonyConnectionService","1","2","00-00-01-9b-64-bd-75-1d-b4-39-8f-0e-05-cb-a6-6a"
"Shana","2025-10-15T14:28:19.692Z","","2025-10-15T14:28:19.692Z","5","","+18103361103","","1","October 15, 2025 10:28:19 AM EDT","db096f3f970f2eca4e0f7e193a3436602179480edcb3f061028d217caa186ccf","calls-20251024002251","com.android.phone/com.android.services.telephony.TelephonyConnectionService","1","2","00-00-01-9b-64-bd-71-82-89-9a-cf-c4-95-cf-71-67"
"Ivey","2025-10-15T14:31:15.226Z","","2025-10-15T14:31:15.226Z","83","","+13172096368","","1","October 15, 2025 10:31:15 AM EDT","f319a03bfb6472b3ce3698ef3497909ab29e4ecee3684c24d3a93d982d978b96","calls-20251024002251","com.android.phone/com.android.services.telephony.TelephonyConnectionService","1","2","00-00-01-9b-64-bd-74-df-a1-e3-38-0b-5c-48-74-48"
"(Unknown)","2025-10-15T14:33:42.904Z","","2025-10-15T14:33:42.904Z","0","","+12066909547","","1","October 15, 2025 10:33:42 AM EDT","5b20bf640cd36adc658a42fe71b1e1cd113758202c65d39c67f1a2d5ce4b1eb6","calls-20251024002251","com.android.phone/com.android.services.telephony.TelephonyConnectionService","1","2","00-00-01-9b-64-bd-7a-dd-bf-65-e4-bb-1e-4c-9d-e1"
"Ivey","2025-10-15T15:15:30.012Z","","2025-10-15T15:15:30.012Z","280","","+13172096368","","1","October 15, 2025 11:15:30 AM EDT","1e2a2a1607556191a39eb32047695f512d69e6c15bf9e8ed28409c23cdfd0361","calls-20251024002251","com.android.phone/com.android.services.telephony.TelephonyConnectionService","1","1","00-00-01-9b-64-bd-7e-7a-80-df-2b-49-ef-06-9f-df"
"Ivey","2025-10-15T15:20:19.028Z","","2025-10-15T15:20:19.028Z","144","","+13172096368","","1","October 15, 2025 11:20:19 AM EDT","ef793ddd1a8229181b0d403971671d496b4a7acba0d5dbf694b962e28f000a38","calls-20251024002251","com.android.phone/com.android.services.telephony.TelephonyConnectionService","1","1","00-00-01-9b-64-bd-7b-0e-9d-d7-20-d3-dd-fe-4f-32"
"John Potter","2025-10-15T17:00:24.879Z","","2025-10-15T17:00:24.879Z","0","","8107678590","","1","October 15, 2025 1:00:24 PM EDT","4d80fa4d4c38949504af05eca6a6a440508e65c8b944a5fe95f58c0b48dbee90","calls-20251024002251","com.android.phone/com.android.services.telephony.TelephonyConnectionService","1","2","00-00-01-9b-64-bd-7c-19-96-57-0b-cc-ef-4f-2e-6b"
"Kelly","2025-10-15T17:09:07.608Z","","2025-10-15T17:09:07.608Z","37","","+18104493483","","1","October 15, 2025 1:09:07 PM EDT","612eab638e10725db4228f8fbce58b6d969a0531f9a7be9544a7f4680ab40250","calls-20251024002251","com.android.phone/com.android.services.telephony.TelephonyConnectionService","1","2","00-00-01-9b-64-bd-74-27-a0-b7-6a-1f-55-59-11-d4"
"Shana","2025-10-15T17:10:33.473Z","","2025-10-15T17:10:33.473Z","5","","+18103361103","","1","October 15, 2025 1:10:33 PM EDT","250e614156400c30557ad8deea92f828e1ea62140544492cd25d8b9a86babdaa","calls-20251024002251","com.android.phone/com.android.services.telephony.TelephonyConnectionService","1","2","00-00-01-9b-64-bd-70-9c-93-86-0f-ca-f8-58-1e-42"
"(Unknown)","2025-10-15T17:12:32.667Z","","2025-10-15T17:12:32.667Z","29","","+18104244355","","1","October 15, 2025 1:12:32 PM EDT","f218c75e7082d7d63fcb7008a2793a251b98462d30686a3e2fe51f6438ca766f","calls-20251024002251","com.android.phone/com.android.services.telephony.TelephonyConnectionService","1","2","00-00-01-9b-64-bd-7b-fd-97-80-14-07-cd-36-f9-7e"
"(Unknown)","2025-10-15T17:15:02.210Z","","2025-10-15T17:15:02.210Z","30","","8104244355","","1","October 15, 2025 1:15:02 PM EDT","b9285cbf708e64817e7342a63869f2808861e624648f2bb9cae8615d0e2e9d77","calls-20251024002251","com.android.phone/com.android.services.telephony.TelephonyConnectionService","1","2","00-00-01-9b-64-bd-7d-aa-93-a5-9c-fb-28-f1-23-7e"
"(Unknown)","2025-10-15T17:15:51.756Z","","2025-10-15T17:15:51.756Z","57","","8102573220","","1","October 15, 2025 1:15:51 PM EDT","014f1b0408e29ad6b064a2ae050750f0b3a6087d1d426c2bcf1e7018975eaf85","calls-20251024002251","com.android.phone/com.android.services.telephony.TelephonyConnectionService","1","2","00-00-01-9b-64-bd-70-33-aa-77-67-29-5a-f2-32-77"
"Tim Jr","2025-10-15T17:17:33.033Z","","2025-10-15T17:17:33.033Z","5","","+18103227511","","1","October 15, 2025 1:17:33 PM EDT","bda28a7a506ddab2f0809c97915074a1b89f38a34ca525e86912266171ad02b5","calls-20251024002251","com.android.phone/com.android.services.telephony.TelephonyConnectionService","1","2","00-00-01-9b-64-bd-76-b1-bd-e4-45-84-86-1b-88-c6"
"(Unknown)","2025-10-15T17:38:53.629Z","","2025-10-15T17:38:53.629Z","32","","8102573220","","1","October 15, 2025 1:38:53 PM EDT","620af1a6eed23576652d1d97b8deeef23e08aece7e45fc21dc2bd0bd49f751f7","calls-20251024002251","com.android.phone/com.android.services.telephony.TelephonyConnectionService","1","2","00-00-01-9b-64-bd-7a-1b-8a-19-dd-06-85-0e-3a-55"
"(Unknown)","2025-10-15T17:40:11.433Z","","2025-10-15T17:40:11.433Z","91","","8104244355","","1","October 15, 2025 1:40:11 PM EDT","151bf22075611f91fc7a045342481c88e9aa7f6ec3bc54909a589e8940d5cb54","calls-20251024002251","com.android.phone/com.android.services.telephony.TelephonyConnectionService","1","2","00-00-01-9b-64-bd-77-6c-ae-6b-4a-84-67-8f-d3-04"
"(Unknown)","2025-10-15T17:42:04.697Z","","2025-10-15T17:42:04.697Z","89","","8104244454","","1","October 15, 2025 1:42:04 PM EDT","87bca814840b1754006574edddeb04721ad27e6f19603a1599b3ebcf33ad6115","calls-20251024002251","com.android.phone/com.android.services.telephony.TelephonyConnectionService","1","2","00-00-01-9b-64-bd-77-75-92-01-a5-22-49-b3-70-df"
"(Unknown)","2025-10-15T17:43:58.744Z","","2025-10-15T17:43:58.744Z","47","","8102573220","","1","October 15, 2025 1:43:58 PM EDT","77714346565b0972315d7a66bb5e8049f21e758385b7a351eb56cd37fabce30b","calls-20251024002251","com.android.phone/com.android.services.telephony.TelephonyConnectionService","1","2","00-00-01-9b-64-bd-7a-54-8d-b7-14-96-c3-f1-7d-97"
"(Unknown)","2025-10-15T18:11:43.229Z","","2025-10-15T18:11:43.229Z","281","","8102573220","","1","October 15, 2025 2:11:43 PM EDT","61ef38e0331c9e1eb25313256951ce4535a745fee5b76654f568167cfcc376d8","calls-20251024002251","com.android.phone/com.android.services.telephony.TelephonyConnectionService","1","2","00-00-01-9b-64-bd-7e-af-81-3d-53-8c-b8-0a-a2-0e"
"(Unknown)","2025-10-16T12:06:46.142Z","","2025-10-16T12:06:46.142Z","625","","18887622265","","1","October 16, 2025 8:06:46 AM EDT","f8dd8a4d78f7cb17771fa410bde2023f10cdb2514dc7a6e541259b3ebf806895","calls-20251024002251","com.android.phone/com.android.services.telephony.TelephonyConnectionService","1","2","00-00-01-9b-64-bd-73-2c-be-d7-c6-f9-7d-bc-6b-b6"
"(Unknown)","2025-10-16T12:39:25.616Z","","2025-10-16T12:39:25.616Z","669","","18887622265","","1","October 16, 2025 8:39:25 AM EDT","522e8c0439b5365ed1157fca06d2e430a3592a250cf806775f3d0da92808e70c","calls-20251024002251","com.android.phone/com.android.services.telephony.TelephonyConnectionService","1","2","00-00-01-9b-64-bd-7d-a3-b9-3d-1c-ac-71-6a-4f-b6"
"+19015041539","2025-10-16T14:21:52.440Z","","2025-10-16T14:21:52.440Z","0","","+19015041539","","1","October 16, 2025 10:21:52 AM EDT","729cfafd59c0f071e2d86987e5f149d35940afc56c20177978ba4b3c02a71b4b","calls-20251024002251","com.android.phone/com.android.services.telephony.TelephonyConnectionService","1","2","00-00-01-9b-64-bd-70-8a-98-a6-93-b2-48-fe-67-a5"
"+19015041539","2025-10-16T14:22:04.555Z","","2025-10-16T14:22:04.555Z","0","","9013387815","","1","October 16, 2025 10:22:04 AM EDT","1839eeabc7351c2c7419b11b8767f9b4eee3544978f5702e80b5cf3ff1603f70","calls-20251024002251","com.android.phone/com.android.services.telephony.TelephonyConnectionService","1","2","00-00-01-9b-64-bd-76-50-8a-68-9a-e1-a4-5c-53-4d"
"(810) 962-1190","2025-10-16T14:30:24.427Z","","2025-10-16T14:30:24.427Z","0","","+18109621190","","1","October 16, 2025 10:30:24 AM EDT","6d1e2574bf7df845e2d6822dc59d8d5fa8d7a3fb4f52c615055be7a590378e59","calls-20251024002251","com.android.phone/com.android.services.telephony.TelephonyConnectionService","1","2","00-00-01-9b-64-bd-74-c1-b7-86-45-96-1c-4e-4f-20"
"Jeff Maybe","2025-10-16T14:31:23.996Z","","2025-10-16T14:31:23.996Z","0","","+13216773850","","1","October 16, 2025 10:31:23 AM EDT","cc0c23ba3b00a95537df6b5f67ccdbd65e4e6d33cbdf650bb6b8255ff06dfe9f","calls-20251024002251","com.android.phone/com.android.services.telephony.TelephonyConnectionService","1","2","00-00-01-9b-64-bd-7c-be-8c-f4-ad-49-91-06-a1-a0"
"Brandon K Thompson","2025-10-16T14:31:59.270Z","","2025-10-16T14:31:59.270Z","0","","9899965801","","1","October 16, 2025 10:31:59 AM EDT","7f21eb8ef0a05c076b9f5336a3c731676d5a7d93cacfbbe921b97b8a3d1cfb47","calls-20251024002251","com.android.phone/com.android.services.telephony.TelephonyConnectionService","1","2","00-00-01-9b-64-bd-7c-7a-90-fc-7f-c3-4f-3a-f6-5d"
"Chad","2025-10-16T14:32:20.892Z","","2025-10-16T14:32:20.892Z","0","","8109642001","","1","October 16, 2025 10:32:20 AM EDT","fe419a9acbba985d1b823d4b8e037e5c565cd0d72fc85eb97d76be7247284896","calls-20251024002251","com.android.phone/com.android.services.telephony.TelephonyConnectionService","1","2","00-00-01-9b-64-bd-77-9a-81-3f-b7-40-82-36-2d-b4"
"(Unknown)","2025-10-16T16:26:20.604Z","","2025-10-16T16:26:20.604Z","52","","8102573220","","1","October 16, 2025 12:26:20 PM EDT","bb25977cd2b587a79458b6b179213d0cf60dd97c04983a30878bd8d88ba74bc2","calls-20251024002251","com.android.phone/com.android.services.telephony.TelephonyConnectionService","1","2","00-00-01-9b-64-bd-78-42-80-c4-08-0c-84-67-a4-6b"
"(Unknown)","2025-10-16T17:57:41.347Z","","2025-10-16T17:57:41.347Z","15","","+18102045912","","1","October 16, 2025 1:57:41 PM EDT","738c51b58b9479f57ee76a903efa762a641ceb1e1a2193b7ea7fc2a74d332b07","calls-20251024002251","com.android.phone/com.android.services.telephony.TelephonyConnectionService","1","1","00-00-01-9b-64-bd-7b-f3-a3-c1-4b-fd-93-08-2e-b0"
"Jessie Hempton","2025-10-16T22:29:17.865Z","","2025-10-16T22:29:17.865Z","951","","+12602347305","","1","October 16, 2025 6:29:17 PM EDT","0c20fc4274942b3c2b5aa0884c684c0c71405ebcafe1f5baa25bbe403de8de1f","calls-20251024002251","com.android.phone/com.android.services.telephony.TelephonyConnectionService","1","2","00-00-01-9b-64-bd-78-08-a3-74-c7-c7-e8-14-b1-cc"
"(Unknown)","2025-10-17T11:59:43.199Z","","2025-10-17T11:59:43.199Z","0","","+18107686833","","1","October 17, 2025 7:59:43 AM EDT","d9c4e633ec2a8efdbfed79affeff47359732429978d790f8d2c6f91803397fa9","calls-20251024002251","com.android.phone/com.android.services.telephony.TelephonyConnectionService","1","3","00-00-01-9b-64-bd-77-00-94-c1-d2-f4-3a-36-61-3f"
"Kelly","2025-10-17T13:54:04.884Z","","2025-10-17T13:54:04.884Z","89","","8104493483","","1","October 17, 2025 9:54:04 AM EDT","c37bccd199fdf9745ddc0af5aa65df69075eb310053ba3f70342883136ed1c0d","calls-20251024002251","com.android.phone/com.android.services.telephony.TelephonyConnectionService","1","2","00-00-01-9b-64-bd-73-90-ac-58-be-95-ae-5b-e1-eb"
"Jessie Hempton","2025-10-17T13:56:13.504Z","","2025-10-17T13:56:13.504Z","342","","+12602347305","","1","October 17, 2025 9:56:13 AM EDT","ec59c7e5ffb645e27b57a0bec6cd50c36ef9f27f201e541af9286192487bfebf","calls-20251024002251","com.android.phone/com.android.services.telephony.TelephonyConnectionService","1","2","00-00-01-9b-64-bd-7a-82-ac-07-ad-fa-46-57-fd-ef"
"(Unknown)","2025-10-17T14:04:14.127Z","","2025-10-17T14:04:14.127Z","463","","+18887622265","","1","October 17, 2025 10:04:14 AM EDT","121dce4f1bbbe3777740f19891614ed5e6cd76e4cd551732574f026d7e31d658","calls-20251024002251","com.android.phone/com.android.services.telephony.TelephonyConnectionService","1","2","00-00-01-9b-64-bd-71-c8-ba-a2-16-6e-fb-d1-79-6c"
"Jesse Baker","2025-10-17T14:41:34.483Z","","2025-10-17T14:41:34.483Z","30","","+18108695919","","1","October 17, 2025 10:41:34 AM EDT","9a4ed27a893164a8d5d5f3e43c7333842b9df7074bada530ce77f6c73a913081","calls-20251024002251","com.android.phone/com.android.services.telephony.TelephonyConnectionService","1","2","00-00-01-9b-64-bd-76-3d-a4-27-53-be-55-36-de-da"
"Amy Rose","2025-10-17T14:51:29.699Z","","2025-10-17T14:51:29.699Z","69","","+18106100987","","1","October 17, 2025 10:51:29 AM EDT","02005023000129c45ca8daf04d9b775073c609697de33bba9ebfc387066ce86c","calls-20251024002251","com.android.phone/com.android.services.telephony.TelephonyConnectionService","1","2","00-00-01-9b-64-bd-7a-01-93-73-a8-23-9e-c4-fe-33"
"(Unknown)","2025-10-17T14:57:00.592Z","","2025-10-17T14:57:00.592Z","0","","+18105847490","","1","October 17, 2025 10:57:00 AM EDT","4bb4f74294f24060fd01c63d38c25b51265e83d87865f9e61b3e00f8c37c4ecd","calls-20251024002251","com.android.phone/com.android.services.telephony.TelephonyConnectionService","1","2","00-00-01-9b-64-bd-77-0c-ac-9e-e6-76-47-6c-80-00"
"(Unknown)","2025-10-17T14:59:47.083Z","","2025-10-17T14:59:47.083Z","34","","+18105847490","","1","October 17, 2025 10:59:47 AM EDT","0ad88dd7e10a0c6fa70b58d8f4a3950fff259ad66c4127db105b743af66bb968","calls-20251024002251","com.android.phone/com.android.services.telephony.TelephonyConnectionService","1","2","00-00-01-9b-64-bd-79-d5-af-e0-de-92-13-21-fe-1c"
"(Unknown)","2025-10-17T15:28:27.151Z","","2025-10-17T15:28:27.151Z","4","","8102573220","","1","October 17, 2025 11:28:27 AM EDT","094a2f195fadc01a05a7a62f80d93c33e39568c056186622ee0f3272e4b18802","calls-20251024002251","com.android.phone/com.android.services.telephony.TelephonyConnectionService","1","2","00-00-01-9b-64-bd-71-1c-a6-15-a1-9c-c8-2e-ee-22"
"(Unknown)","2025-10-17T15:28:43.050Z","","2025-10-17T15:28:43.050Z","4","","8104244454","","1","October 17, 2025 11:28:43 AM EDT","03b5a34bec0bc38ef1eea1a90aa3ee3f474ee96e3ab12532d984df955b1865fc","calls-20251024002251","com.android.phone/com.android.services.telephony.TelephonyConnectionService","1","2","00-00-01-9b-64-bd-7d-06-9e-45-aa-f2-17-b5-73-a0"
"(Unknown)","2025-10-17T15:29:26.701Z","","2025-10-17T15:29:26.701Z","95","","8104244355","","1","October 17, 2025 11:29:26 AM EDT","ab775e423800324a8b96be2d8ed0b3c97e0883553d413968371f2d525e61e47f","calls-20251024002251","com.android.phone/com.android.services.telephony.TelephonyConnectionService","1","2","00-00-01-9b-64-bd-74-c7-a0-09-9c-64-68-7b-e3-67"
"(Unknown)","2025-10-17T15:51:28.637Z","","2025-10-17T15:51:28.637Z","8","","8104244454","","1","October 17, 2025 11:51:28 AM EDT","89848a2842822f4dc3365ed4e85b79e08cc553f28ac73e5431379ffea1db52e7","calls-20251024002251","com.android.phone/com.android.services.telephony.TelephonyConnectionService","1","2","00-00-01-9b-64-bd-7a-f3-b6-f8-c3-e5-d3-2e-3e-2f"
"(Unknown)","2025-10-17T15:51:45.572Z","","2025-10-17T15:51:45.572Z","275","","8104244355","","1","October 17, 2025 11:51:45 AM EDT","a04b8542dcf3583edaec22d637c995f65202c4b25805dc92f92236cf66239a9c","calls-20251024002251","com.android.phone/com.android.services.telephony.TelephonyConnectionService","1","2","00-00-01-9b-64-bd-74-76-8a-74-97-39-2d-b6-5e-d4"
"Bennie Mornin","2025-10-17T16:26:23.916Z","","2025-10-17T16:26:23.916Z","35","","8103363178","","1","October 17, 2025 12:26:23 PM EDT","d9da0ed2a98df4603f06ae61f1d1bbcfcd0f3c20728319df9dcb4b9ea5e090c0","calls-20251024002251","com.android.phone/com.android.services.telephony.TelephonyConnectionService","1","2","00-00-01-9b-64-bd-78-a6-95-d1-97-f2-08-3b-4a-17"
"(Unknown)","2025-10-17T16:27:20.981Z","","2025-10-17T16:27:20.981Z","106","","8104244355","","1","October 17, 2025 12:27:20 PM EDT","90f5f30840038f7e59c21cd8fd691b5e86eb7cb9cb3bc27ffd7f3f3ac6a89ade","calls-20251024002251","com.android.phone/com.android.services.telephony.TelephonyConnectionService","1","2","00-00-01-9b-64-bd-7e-24-a9-fd-07-00-d3-23-7e-0f"
"Rob","2025-10-17T16:29:02.130Z","","2025-10-17T16:29:02.130Z","0","","+18105223283","","1","October 17, 2025 12:29:02 PM EDT","cb6aac6e646c2495d53610b91cef2b9438cb2d33990ee6cf7dcd72f6d3d79778","calls-20251024002251","com.android.phone/com.android.services.telephony.TelephonyConnectionService","1","2","00-00-01-9b-64-bd-7f-aa-a6-d5-a3-b6-43-af-38-6d"
"(Unknown)","2025-10-17T16:31:43.335Z","","2025-10-17T16:31:43.335Z","0","","+12013832508","","1","October 17, 2025 12:31:43 PM EDT","1b07b06dd7cee57ea2254cdcbdd5ca56b8dd2005738e773d6b9652a07562408c","calls-20251024002251","com.android.phone/com.android.services.telephony.TelephonyConnectionService","1","5","00-00-01-9b-64-bd-7a-e1-8f-ee-cf-ae-5d-17-8c-d5"
"(Unknown)","2025-10-17T16:32:14.907Z","","2025-10-17T16:32:14.907Z","0","","*749898718170","","1","October 17, 2025 12:32:14 PM EDT","db180ba770e22f56fc30ee8bf23f27c872b37d6d796b3b9498c20d484496f72b","calls-20251024002251","com.android.phone/com.android.services.telephony.TelephonyConnectionService","1","2","00-00-01-9b-64-bd-76-0b-a0-17-ec-f5-ae-c3-1e-f8"
"(Unknown)","2025-10-17T16:32:33.516Z","","2025-10-17T16:32:33.516Z","0","","+12013832508","","1","October 17, 2025 12:32:33 PM EDT","b9d6b5059bd717dbae864a1f6eeb6e2a4640933216ac7b64f207632efdf67d6b","calls-20251024002251","com.android.phone/com.android.services.telephony.TelephonyConnectionService","1","5","00-00-01-9b-64-bd-7e-46-9b-1f-e3-37-15-e9-d9-ee"
"(Unknown)","2025-10-17T17:37:26.975Z","","2025-10-17T17:37:26.975Z","26","","8104244355","","1","October 17, 2025 1:37:26 PM EDT","1131892cf0fc91d7cbc8aeaf573388497ccb042eed9401c753c82d7fe42f7f6b","calls-20251024002251","com.android.phone/com.android.services.telephony.TelephonyConnectionService","1","2","00-00-01-9b-64-bd-76-ec-89-3a-05-3d-3b-78-20-97"
"(Unknown)","2025-10-17T17:38:15.345Z","","2025-10-17T17:38:15.345Z","15","","+18102573225","","1","October 17, 2025 1:38:15 PM EDT","f8976c4a6cb55b61579900a1fd05887856c50f3b8a35eb5dc477765ab3ba4ae2","calls-20251024002251","com.android.phone/com.android.services.telephony.TelephonyConnectionService","1","2","00-00-01-9b-64-bd-78-99-a9-f3-df-2e-16-67-a3-8c"
"(Unknown)","2025-10-17T17:39:05.851Z","","2025-10-17T17:39:05.851Z","38","","+18102573220","","1","October 17, 2025 1:39:05 PM EDT","aaa5880cece40162ea9e9ce5730d0625a826afc3656ffa40d20d32521c081129","calls-20251024002251","com.android.phone/com.android.services.telephony.TelephonyConnectionService","1","2","00-00-01-9b-64-bd-7f-5a-ba-26-19-63-da-f8-ed-7d"
"(Unknown)","2025-10-17T17:40:52.807Z","","2025-10-17T17:40:52.807Z","30","","+18102573220","","1","October 17, 2025 1:40:52 PM EDT","db14ed624d0b18d4e098afd99b8426ab14d2b49042856204ac47647776fde91c","calls-20251024002251","com.android.phone/com.android.services.telephony.TelephonyConnectionService","1","2","00-00-01-9b-64-bd-77-01-af-5c-71-95-d7-22-cb-b3"
"(Unknown)","2025-10-17T17:41:31.642Z","","2025-10-17T17:41:31.642Z","81","","+18102573220","","1","October 17, 2025 1:41:31 PM EDT","a6b0009ecdf68f79c7cab3343a9e49a5ea6bbde39183b212e6574753f1794b00","calls-20251024002251","com.android.phone/com.android.services.telephony.TelephonyConnectionService","1","2","00-00-01-9b-64-bd-76-4a-b3-eb-f7-a5-09-86-e8-ac"
"(Unknown)","2025-10-17T17:43:03.758Z","","2025-10-17T17:43:03.758Z","47","","+18102573220","","1","October 17, 2025 1:43:03 PM EDT","9841ba7fb599479973d8d135229973c8421dbf9108091dc078cfcf9c41c9c6ea","calls-20251024002251","com.android.phone/com.android.services.telephony.TelephonyConnectionService","1","2","00-00-01-9b-64-bd-7a-51-80-59-43-69-9b-0e-77-17"
"(Unknown)","2025-10-17T17:43:58.737Z","","2025-10-17T17:43:58.737Z","43","","+18102573220","","1","October 17, 2025 1:43:58 PM EDT","3cc0a0b62468aa2932394201a2814003e27d7cf98529a19c32397f4ad49e5078","calls-20251024002251","com.android.phone/com.android.services.telephony.TelephonyConnectionService","1","2","00-00-01-9b-64-bd-78-55-93-43-de-e0-72-fe-5e-63"
"(Unknown)","2025-10-17T18:13:05.727Z","","2025-10-17T18:13:05.727Z","16","","+18102573220","","1","October 17, 2025 2:13:05 PM EDT","7866339ffd51b090b1964a749ccb65f7f87b3598e06f656a6ae3d2239e629686","calls-20251024002251","com.android.phone/com.android.services.telephony.TelephonyConnectionService","1","2","00-00-01-9b-64-bd-7b-96-89-a3-4b-17-cd-f2-82-20"
"(Unknown)","2025-10-17T18:13:31.136Z","","2025-10-17T18:13:31.136Z","9","","+18102573225","","1","October 17, 2025 2:13:31 PM EDT","90c0eecf8060a563bfc7e139dd9be6b142b2fae80a725942e4b209dc4d0aa812","calls-20251024002251","com.android.phone/com.android.services.telephony.TelephonyConnectionService","1","2","00-00-01-9b-64-bd-77-d6-80-e7-31-68-de-a2-72-bf"
"(Unknown)","2025-10-17T18:13:49.203Z","","2025-10-17T18:13:49.203Z","2","","+18102573225","","1","October 17, 2025 2:13:49 PM EDT","690172d01a9b4859c6fefcccf201bfa792299e685cf46fd0bdc0e4b4812510b5","calls-20251024002251","com.android.phone/com.android.services.telephony.TelephonyConnectionService","1","2","00-00-01-9b-64-bd-73-ff-bd-87-c7-3d-c5-6f-d4-db"
"(Unknown)","2025-10-17T18:14:01.745Z","","2025-10-17T18:14:01.745Z","18","","8104244355","","1","October 17, 2025 2:14:01 PM EDT","6cacbc196cfada047c015f2209acd8ad6ef5925d2b7ec8aefb190e9a447040d2","calls-20251024002251","com.android.phone/com.android.services.telephony.TelephonyConnectionService","1","2","00-00-01-9b-64-bd-75-75-bf-94-12-a0-5b-46-f5-ba"
"(Unknown)","2025-10-17T18:16:02.565Z","","2025-10-17T18:16:02.565Z","123","","8104244355","","1","October 17, 2025 2:16:02 PM EDT","46aad31965c721d435bb708df698147d6ddc73c7276976e31f76a9f300a24a08","calls-20251024002251","com.android.phone/com.android.services.telephony.TelephonyConnectionService","1","2","00-00-01-9b-64-bd-7b-a3-81-42-90-77-6d-f1-5b-fb"
"(Unknown)","2025-10-17T18:31:23.788Z","","2025-10-17T18:31:23.788Z","33","","8104244355","","1","October 17, 2025 2:31:23 PM EDT","d0a13a48fe2fc21d118ecc04e22accb22fa0a8dab035dbfbcdce6ece46754ee7","calls-20251024002251","com.android.phone/com.android.services.telephony.TelephonyConnectionService","1","2","00-00-01-9b-64-bd-7d-c7-9f-64-a8-66-17-f1-ba-3d"
"Justin","2025-10-17T18:56:23.083Z","","2025-10-17T18:56:23.083Z","84","","+18107019820","","1","October 17, 2025 2:56:23 PM EDT","6d5f5ef4f2e0b0a3684efb4a54dcdae1e6d2e8c1dcd31a6437fb3df65a9ef6ee","calls-20251024002251","com.android.phone/com.android.services.telephony.TelephonyConnectionService","1","2","00-00-01-9b-64-bd-74-6e-8a-0a-ec-1c-91-68-c8-a2"
"Justin","2025-10-17T19:18:30.613Z","","2025-10-17T19:18:30.613Z","66","","+18107019820","","1","October 17, 2025 3:18:30 PM EDT","c58cb1c4ea6732de95f243d61e82e4f589223d4a050e6a9e4c37f3d1cbcb5820","calls-20251024002251","com.android.phone/com.android.services.telephony.TelephonyConnectionService","1","2","00-00-01-9b-64-bd-7f-86-b0-ad-e9-75-b9-0b-cc-d1"
"Rob","2025-10-17T19:22:47.240Z","","2025-10-17T19:22:47.240Z","0","","+18105223283","","1","October 17, 2025 3:22:47 PM EDT","7af83c02e29e919f123b3bf3ac86f3f6ee792c720c9a0e32c34b4c48e032ad09","calls-20251024002251","com.android.phone/com.android.services.telephony.TelephonyConnectionService","1","5","00-00-01-9b-64-bd-79-00-a3-5e-23-dd-0d-72-df-7e"
"Justin","2025-10-17T19:26:50.962Z","","2025-10-17T19:26:50.962Z","1328","","+18107019820","","1","October 17, 2025 3:26:50 PM EDT","bf0be51a29a7086191c6fd506b9ba2b1b6a568d0546150c0dbaa5d281cb0a49a","calls-20251024002251","com.android.phone/com.android.services.telephony.TelephonyConnectionService","1","2","00-00-01-9b-64-bd-7b-f5-92-26-56-54-a9-f3-58-ba"
"Justin","2025-10-17T20:08:03.680Z","","2025-10-17T20:08:03.680Z","79","","+18107019820","","1","October 17, 2025 4:08:03 PM EDT","234bf21d5b453bb329bb979d6911f9334e7666a324d7aedbdc67bab087236057","calls-20251024002251","com.android.phone/com.android.services.telephony.TelephonyConnectionService","1","2","00-00-01-9b-64-bd-71-ec-98-50-a9-54-97-5b-75-36"
"(Unknown)","2025-10-17T20:44:30.517Z","","2025-10-17T20:44:30.517Z","0","","+18107686833","","1","October 17, 2025 4:44:30 PM EDT","cc4046a4f601c0d9d153fc8cf3a585aa38c90ba505fb1ddd38af07c1ce8a796a","calls-20251024002251","com.android.phone/com.android.services.telephony.TelephonyConnectionService","1","2","00-00-01-9b-64-bd-73-33-9f-86-8f-4c-ad-00-80-14"
"Rob","2025-10-17T22:30:08.150Z","","2025-10-17T22:30:08.150Z","5","","+18105223283","","1","October 17, 2025 6:30:08 PM EDT","e04f6761597bd95f356425db6bf87c5e536a9c3f321df2885bc71ab85a8b832f","calls-20251024002251","com.android.phone/com.android.services.telephony.TelephonyConnectionService","1","1","00-00-01-9b-64-bd-71-a3-a7-43-2b-2f-95-c3-a2-65"
"Kelly","2025-10-17T22:39:35.355Z","","2025-10-17T22:39:35.355Z","11","","8104493483","","1","October 17, 2025 6:39:35 PM EDT","f87b98cbdb8215bab36812c5de7e53e027ca996152567496c555ed8c64763389","calls-20251024002251","com.android.phone/com.android.services.telephony.TelephonyConnectionService","1","2","00-00-01-9b-64-bd-72-34-9f-99-7f-a5-2d-2e-c6-b6"
"Marsha","2025-10-17T22:55:44.344Z","","2025-10-17T22:55:44.344Z","5","","+18109860941","","1","October 17, 2025 6:55:44 PM EDT","ca4cd9fb1b79edb04e8f4d2f33cd251c8e499343d784c6dea59f047a6df681d3","calls-20251024002251","com.android.phone/com.android.services.telephony.TelephonyConnectionService","1","2","00-00-01-9b-64-bd-7a-07-a7-44-b5-59-dd-ab-4a-35"
"Ben","2025-10-17T23:00:28.419Z","","2025-10-17T23:00:28.419Z","0","","+18102237019","","1","October 17, 2025 7:00:28 PM EDT","7cd4becc1a25adf91dd7067a990d1f9255f5ef8aff228c5760bf93a3d9b2811a","calls-20251024002251","com.android.phone/com.android.services.telephony.TelephonyConnectionService","1","2","00-00-01-9b-64-bd-74-e6-8d-f0-78-cb-da-43-a1-4c"
"Ben","2025-10-17T23:00:45.149Z","","2025-10-17T23:00:45.149Z","0","","+18102237019","","1","October 17, 2025 7:00:45 PM EDT","4b4e484635e3160d0114bc4267a99ed274c1d33896f970e54636a4a0564d9aac","calls-20251024002251","com.android.phone/com.android.services.telephony.TelephonyConnectionService","1","2","00-00-01-9b-64-bd-7a-5b-a0-fc-d9-4a-69-67-62-ff"
"Matt Salem","2025-10-18T00:48:52.637Z","","2025-10-18T00:48:52.637Z","0","","+18102751930","","1","October 17, 2025 8:48:52 PM EDT","05a9688fec837fea0cded3ef82fa89024d1b71bfd6f218ea4c420f4cc24d05cc","calls-20251024002251","com.android.phone/com.android.services.telephony.TelephonyConnectionService","1","3","00-00-01-9b-64-bd-7c-b6-ba-83-8b-a9-e8-fd-c8-9a"
"Amy Rose","2025-10-18T06:49:32.390Z","","2025-10-18T06:49:32.390Z","0","","+18106100987","","1","October 18, 2025 2:49:32 AM EDT","c38ec2cb18fbe9baf9d25449da5f02b667e37cc71463dc7bf8b0407c1f7ed063","calls-20251024002251","com.android.phone/com.android.services.telephony.TelephonyConnectionService","1","5","00-00-01-9b-64-bd-7d-48-a9-5a-7f-70-ad-a0-33-77"
"Amy Rose","2025-10-18T18:28:07.517Z","","2025-10-18T18:28:07.517Z","68","","+18106100987","","1","October 18, 2025 2:28:07 PM EDT","1c3d809a96c109a24851e02a66a4bd3534fb3670341375be6ff1ca30c074b32f","calls-20251024002251","com.android.phone/com.android.services.telephony.TelephonyConnectionService","1","2","00-00-01-9b-64-bd-77-59-bf-a8-ae-88-4e-b2-b3-c8"
"Amy Rose","2025-10-18T19:00:55.400Z","","2025-10-18T19:00:55.400Z","49","","+18106100987","","1","October 18, 2025 3:00:55 PM EDT","46dc797a6d70546d752db90b4b0f080f8309de0c1d8ba33d63de240ad4795b75","calls-20251024002251","com.android.phone/com.android.services.telephony.TelephonyConnectionService","1","2","00-00-01-9b-64-bd-7a-7c-a7-e1-e6-7f-24-a1-de-1a"
"Bennie Mornin","2025-10-18T19:16:30.619Z","","2025-10-18T19:16:30.619Z","14","","8103363178","","1","October 18, 2025 3:16:30 PM EDT","52691b1c2f5b4d5fc6966938fbae95515ddc4b469cd4d27134702991e28fbd8d","calls-20251024002251","com.android.phone/com.android.services.telephony.TelephonyConnectionService","1","2","00-00-01-9b-64-bd-74-db-8d-b9-37-97-87-18-96-3f"
"(Unknown)","2025-10-19T20:11:20.656Z","","2025-10-19T20:11:20.656Z","8","","+18105847490","","1","October 19, 2025 4:11:20 PM EDT","115763c5d882cc7ecebd33330b6eb0ef5fa246209c679058772cb63936f6bf03","calls-20251024002251","com.android.phone/com.android.services.telephony.TelephonyConnectionService","1","2","00-00-01-9b-64-bd-75-40-a0-50-08-ea-9f-84-15-3b"
"Bennie Mornin","2025-10-20T04:30:54.625Z","","2025-10-20T04:30:54.625Z","0","","8103363178","","1","October 20, 2025 12:30:54 AM EDT","f7a9c28ca1d246659afc211a691820d04598586d0702bf0e0b1be6ce606f0fb2","calls-20251024002251","com.android.phone/com.android.services.telephony.TelephonyConnectionService","1","2","00-00-01-9b-64-bd-73-a2-a7-b1-2f-f7-51-5c-f5-2d"
"Shana","2025-10-20T18:36:15.027Z","","2025-10-20T18:36:15.027Z","153","","+18103361103","","1","October 20, 2025 2:36:15 PM EDT","9723057434b15d3b7b2a5a95380750a54bd7748c5b06360e91600c428ec3b95a","calls-20251024002251","com.android.phone/com.android.services.telephony.TelephonyConnectionService","1","2","00-00-01-9b-64-bd-73-69-99-02-89-07-91-d2-8a-53"
"Amy Rose","2025-10-20T19:00:55.662Z","","2025-10-20T19:00:55.662Z","0","","+18106100987","","1","October 20, 2025 3:00:55 PM EDT","2553a77b0cb050b9ef40befdb1630077ff5c4149c9a64ea065e0d3b69620bad6","calls-20251024002251","com.android.phone/com.android.services.telephony.TelephonyConnectionService","1","2","00-00-01-9b-64-bd-72-0b-8f-a0-72-8a-80-91-31-c5"
"(Unknown)","2025-10-20T19:01:59.916Z","","2025-10-20T19:01:59.916Z","55","","+18105847490","","1","October 20, 2025 3:01:59 PM EDT","b8c8ee33c86ee53783b4d33ff6dc3500851e11770dfed1ceef49f34b24a9177b","calls-20251024002251","com.android.phone/com.android.services.telephony.TelephonyConnectionService","1","2","00-00-01-9b-64-bd-7e-54-90-8e-45-82-e6-be-6f-98"
"Amy Rose","2025-10-20T20:37:34.253Z","","2025-10-20T20:37:34.253Z","0","","+18106100987","","1","October 20, 2025 4:37:34 PM EDT","1f42bedb41d04dabe23c90fc450f7c589298f519a2ad5609ba0ba5f6bee49489","calls-20251024002251","com.android.phone/com.android.services.telephony.TelephonyConnectionService","1","3","00-00-01-9b-64-bd-7c-59-af-82-18-99-c0-94-26-8d"
"Amy Rose","2025-10-20T20:38:39.210Z","","2025-10-20T20:38:39.210Z","0","","+18106100987","","1","October 20, 2025 4:38:39 PM EDT","416ba11f0f21d4aba8b4ec17b0d70035a7ce991c4fd5498b2582a31ffd43832c","calls-20251024002251","com.android.phone/com.android.services.telephony.TelephonyConnectionService","1","3","00-00-01-9b-64-bd-71-76-92-ce-bf-93-66-ff-aa-8a"
"Shana","2025-10-21T00:00:57.934Z","","2025-10-21T00:00:57.934Z","0","","+18103361103","","1","October 20, 2025 8:00:57 PM EDT","11f6fb484c3617397d634fd9645cdb24456914ac0e6b1ce75966a12877730621","calls-20251024002251","com.android.phone/com.android.services.telephony.TelephonyConnectionService","1","2","00-00-01-9b-64-bd-78-5d-88-de-4e-67-f0-20-b0-d0"
"Amy Rose","2025-10-21T00:56:26.962Z","","2025-10-21T00:56:26.962Z","0","","+18106100987","","1","October 20, 2025 8:56:26 PM EDT","1818f8c062ab8d6fca636cbf815cfd771d8c4675f5e91eef4a2ca1d72c35ab03","calls-20251024002251","com.android.phone/com.android.services.telephony.TelephonyConnectionService","1","3","00-00-01-9b-64-bd-74-ed-a0-ff-d0-e5-4a-09-e4-c7"
"Marsha","2025-10-21T01:57:36.189Z","","2025-10-21T01:57:36.189Z","0","","+18109860941","","1","October 20, 2025 9:57:36 PM EDT","ddac267310eaf17c3e76c7e1e83a7d5d6dddaa508d0e6247001712cc552cedd2","calls-20251024002251","com.android.phone/com.android.services.telephony.TelephonyConnectionService","1","2","00-00-01-9b-64-bd-76-b2-a5-6f-58-ae-b1-fc-6b-ba"
"Shana","2025-10-21T15:48:07.309Z","","2025-10-21T15:48:07.309Z","1","","+18103361103","","1","October 21, 2025 11:48:07 AM EDT","152b2c16f64a20f5107a7dd8617e09a60930aeff21340a8f270baad355eada24","calls-20251024002251","com.android.phone/com.android.services.telephony.TelephonyConnectionService","1","2","00-00-01-9b-64-bd-7c-7f-91-d5-59-4c-d6-4e-6c-08"
"Shana","2025-10-21T16:42:20.922Z","","2025-10-21T16:42:20.922Z","13","","+18103361103","","1","October 21, 2025 12:42:20 PM EDT","97c4a8e19d4e8728df034642efdee2e76385ea6d36ee14f46a37e9dbac9e9d6f","calls-20251024002251","com.android.phone/com.android.services.telephony.TelephonyConnectionService","1","2","00-00-01-9b-64-bd-7c-47-ad-c2-16-2e-df-47-8a-64"
"Shana","2025-10-21T21:57:02.328Z","","2025-10-21T21:57:02.328Z","4","","+18103361103","","1","October 21, 2025 5:57:02 PM EDT","c692d02745627b0fbeedae1b91ea982ba663c376bccd9ac344087ad189e167d5","calls-20251024002251","com.android.phone/com.android.services.telephony.TelephonyConnectionService","1","2","00-00-01-9b-64-bd-75-06-9f-50-b2-3c-e7-d5-9d-7d"
"Amy Rose","2025-10-21T23:21:21.110Z","","2025-10-21T23:21:21.110Z","13","","+18106100987","","1","October 21, 2025 7:21:21 PM EDT","35194de69ce195e458637accb6e112942ab1f002b790507edca5cf928039bfe3","calls-20251024002251","com.android.phone/com.android.services.telephony.TelephonyConnectionService","1","2","00-00-01-9b-64-bd-7f-f4-ae-ba-d5-ca-24-0b-da-23"
"Shana","2025-10-21T23:21:57.039Z","","2025-10-21T23:21:57.039Z","0","","+18103361103","","1","October 21, 2025 7:21:57 PM EDT","a52428f02a78fb7e9f157fc2868d71d950e9bf59ceaa95a896720bba589c1b39","calls-20251024002251","com.android.phone/com.android.services.telephony.TelephonyConnectionService","1","2","00-00-01-9b-64-bd-7e-3d-ba-25-43-2e-d7-37-dc-7c"
"Jesse Baker","2025-10-21T23:28:49.427Z","","2025-10-21T23:28:49.427Z","50","","+18108695919","","1","October 21, 2025 7:28:49 PM EDT","5ebc732ce9a84a25d6828bde4d175ba10d38adaa5a37076e32ddaf31f3912fa9","calls-20251024002251","com.android.phone/com.android.services.telephony.TelephonyConnectionService","1","2","00-00-01-9b-64-bd-79-aa-b5-43-e4-2b-38-10-a5-1f"
"Arther","2025-10-21T23:58:25.990Z","","2025-10-21T23:58:25.990Z","0","","+13173723150","","1","October 21, 2025 7:58:25 PM EDT","cc72b663afb3d95c490ee60b30705d7c826f380ea8b1c34ae342b30f7ae49c26","calls-20251024002251","com.android.phone/com.android.services.telephony.TelephonyConnectionService","1","2","00-00-01-9b-64-bd-7c-40-93-ac-16-05-67-53-20-49"
"Amy Rose","2025-10-22T00:13:16.728Z","","2025-10-22T00:13:16.728Z","0","","+18106100987","","1","October 21, 2025 8:13:16 PM EDT","94364bfe85f2156fc2e87987b593d9e1c6389c20d290b34fb7847db744cb4d46","calls-20251024002251","com.android.phone/com.android.services.telephony.TelephonyConnectionService","1","2","00-00-01-9b-64-bd-77-ed-bc-90-e8-76-9f-29-fd-9b"
"Amy Rose","2025-10-22T00:19:09.057Z","","2025-10-22T00:19:09.057Z","26","","+18106100987","","1","October 21, 2025 8:19:09 PM EDT","b68f0038071f6dbd54d5132bb67cc2aaf3fd404b92a4f69e997a767b81963980","calls-20251024002251","com.android.phone/com.android.services.telephony.TelephonyConnectionService","1","2","00-00-01-9b-64-bd-7f-e8-aa-be-41-04-6b-2c-e6-cd"
"Shana","2025-10-22T00:20:44.438Z","","2025-10-22T00:20:44.438Z","4","","+18103361103","","1","October 21, 2025 8:20:44 PM EDT","842d0413fab2a23da987775c55fffb23c03f4cdbcdc6e78c85583dd8ce7e71a1","calls-20251024002251","com.android.phone/com.android.services.telephony.TelephonyConnectionService","1","2","00-00-01-9b-64-bd-78-bc-9e-e6-65-e1-d1-fc-c1-3c"
"(Unknown)","2025-10-22T02:51:01.566Z","","2025-10-22T02:51:01.566Z","141","","5593213749","","1","October 21, 2025 10:51:01 PM EDT","6f673ff19c63ef8f4b8fe93d22fed0cae0eed8239624d66b41be4c87aaa4e1d1","calls-20251024002251","com.android.phone/com.android.services.telephony.TelephonyConnectionService","2","2","00-00-01-9b-64-bd-70-5a-a3-4b-76-59-3e-38-a2-f0"
"Shana","2025-10-22T20:40:45.618Z","","2025-10-22T20:40:45.618Z","5","","+18103361103","","1","October 22, 2025 4:40:45 PM EDT","d4406a4ccadcfd930936eeab3ec8a6e3a90327eda04e4d302cb9282f2daf152a","calls-20251024002251","com.android.phone/com.android.services.telephony.TelephonyConnectionService","1","2","00-00-01-9b-64-bd-77-08-80-fd-a1-1d-5e-2d-00-b4"
"(Unknown)","2025-10-22T21:40:16.326Z","","2025-10-22T21:40:16.326Z","220","","+18104965500","","1","October 22, 2025 5:40:16 PM EDT","2ff8487209e84a3695f868da97d07ccc8e876f0b46f09cf22cfef402127a6342","calls-20251024002251","com.android.phone/com.android.services.telephony.TelephonyConnectionService","1","2","00-00-01-9b-64-bd-79-d8-8a-68-28-68-66-29-53-75"
"(Unknown)","2025-10-22T21:40:27.608Z","","2025-10-22T21:40:27.608Z","0","","+18107710685","","1","October 22, 2025 5:40:27 PM EDT","7c64612f9a7f461bb52c848b7ba29ec3dee422d029363841b5bb8af5823af46b","calls-20251024002251","com.android.phone/com.android.services.telephony.TelephonyConnectionService","1","3","00-00-01-9b-64-bd-78-d4-a1-37-85-d6-25-8b-df-fc"
"(Unknown)","2025-10-22T21:44:29.248Z","","2025-10-22T21:44:29.248Z","2","","+18104293775","","1","October 22, 2025 5:44:29 PM EDT","7e5a561fe6e92fb848b4753b4df7ad229687cbd4c36b4b946cc0709058d5d154","calls-20251024002251","com.android.phone/com.android.services.telephony.TelephonyConnectionService","1","2","00-00-01-9b-64-bd-75-86-9b-e1-57-fa-d4-e4-b7-71"
"(Unknown)","2025-10-22T22:04:58.576Z","","2025-10-22T22:04:58.576Z","0","","+18107710685","","1","October 22, 2025 6:04:58 PM EDT","fa26feaf3446d943ff04d056348cf2e504cd8e0c04efb59fa70042839bdb685b","calls-20251024002251","com.android.phone/com.android.services.telephony.TelephonyConnectionService","1","2","00-00-01-9b-64-bd-77-51-91-f7-ad-28-18-85-c8-0f"
"(Unknown)","2025-10-22T22:12:50.514Z","","2025-10-22T22:12:50.514Z","399","","+18107449710","","1","October 22, 2025 6:12:50 PM EDT","cf60a4b0156ff355f8aec1b69b6535517f2213fe2dd2b126fb339c18bf3e3c24","calls-20251024002251","com.android.phone/com.android.services.telephony.TelephonyConnectionService","1","2","00-00-01-9b-64-bd-72-88-9a-a9-b4-9b-67-a2-d1-44"
"(Unknown)","2025-10-22T23:08:09.327Z","","2025-10-22T23:08:09.327Z","3","","+18107449710","","1","October 22, 2025 7:08:09 PM EDT","d94dc9c0fea6cf15b0ee3950407b492c710c7d63dd80940543950c6bfb992bff","calls-20251024002251","com.android.phone/com.android.services.telephony.TelephonyConnectionService","1","2","00-00-01-9b-64-bd-7c-65-a6-59-d9-99-45-8b-26-9b"
"(Unknown)","2025-10-22T23:08:23.297Z","","2025-10-22T23:08:23.297Z","0","","+18104293775","","1","October 22, 2025 7:08:23 PM EDT","698616c739d34be3ee7248743c40bbdce3711886db60bbf47980cb2d2239e4fe","calls-20251024002251","com.android.phone/com.android.services.telephony.TelephonyConnectionService","1","2","00-00-01-9b-64-bd-7e-ed-83-a4-eb-5c-94-6a-3e-cd"
"(Unknown)","2025-10-22T23:08:37.518Z","","2025-10-22T23:08:37.518Z","46","","+18104965500","","1","October 22, 2025 7:08:37 PM EDT","f683dc7ce7bb84d7360e6353373daca4996c72e0da6d7b1d0022139af487bf01","calls-20251024002251","com.android.phone/com.android.services.telephony.TelephonyConnectionService","1","2","00-00-01-9b-64-bd-71-71-81-fd-22-97-7d-79-99-2a"
"Jesse Baker","2025-10-23T02:19:12.785Z","","2025-10-23T02:19:12.785Z","0","","+18108695919","","1","October 22, 2025 10:19:12 PM EDT","5d50ab817502e1c96ea0803c987f35e9f5cbb61e6d00a8531cfd4ec809058074","calls-20251024002251","com.android.phone/com.android.services.telephony.TelephonyConnectionService","1","2","00-00-01-9b-64-bd-79-d3-91-37-84-b1-cb-60-ab-86"
"(Unknown)","2025-10-23T16:02:38.476Z","","2025-10-23T16:02:38.476Z","0","","+18102140854","","1","October 23, 2025 12:02:38 PM EDT","de9b50ac17688310f945743368b0a27e65deeb5b78e96725e950d6c062cb823d","calls-20251024002251","com.android.phone/com.android.services.telephony.TelephonyConnectionService","1","3","00-00-01-9b-64-bd-7c-2a-a6-0c-cd-c1-ca-48-bb-4f"
"Kelly","2025-10-23T19:49:49.557Z","","2025-10-23T19:49:49.557Z","11","","8104493483","","1","October 23, 2025 3:49:49 PM EDT","e1fa8e4b391191df6ef6dd37245577d78724704b0cb5ac7457b589c96e673869","calls-20251024002251","com.android.phone/com.android.services.telephony.TelephonyConnectionService","1","2","00-00-01-9b-64-bd-7c-f0-ac-aa-92-2f-dc-ed-76-9b"
"Amy Rose","2025-10-23T22:25:37.528Z","","2025-10-23T22:25:37.528Z","124","","+18106100987","","1","October 23, 2025 6:25:37 PM EDT","897d93bfe2865eb20a20f36b32b0c332e84f8134a7b83ded78b8bed73b89e2bd","calls-20251024002251","com.android.phone/com.android.services.telephony.TelephonyConnectionService","1","2","00-00-01-9b-64-bd-71-48-97-31-ce-b9-05-44-16-f0"
"Amy Rose","2025-10-24T00:29:19.271Z","","2025-10-24T00:29:19.271Z","2","","+18106100987","","1","October 23, 2025 8:29:19 PM EDT","4ff2e14d4f1668d104bf8082ded60d5a21f7516263b1ba09f244c6c799a982a3","calls-20251024002251","com.android.phone/com.android.services.telephony.TelephonyConnectionService","1","2","00-00-01-9b-64-bd-7c-cf-84-59-a3-b6-1a-e9-43-25"
"Kelly","2025-10-24T00:51:01.675Z","","2025-10-24T00:51:01.675Z","19","","8104493483","","1","October 23, 2025 8:51:01 PM EDT","a280bd26fbec2cce4effce0e3da8b43d4244596e87c13d5a55ff8c3dd02bc393","calls-20251024002251","com.android.phone/com.android.services.telephony.TelephonyConnectionService","1","2","00-00-01-9b-64-bd-76-77-a1-89-3e-c1-0a-54-9c-9a"
"Rob","2025-10-24T02:16:56.980Z","","2025-10-24T02:16:56.980Z","28","","+18105223283","","1","October 23, 2025 10:16:56 PM EDT","13b9a63cd0e78ad77bb8764f3e222bcccb136c9f07b1a6964e66e3b06499ce93","calls-20251024002251","com.android.phone/com.android.services.telephony.TelephonyConnectionService","1","2","00-00-01-9b-64-bd-70-0b-a9-df-8f-db-25-42-78-89"
"Kelly","2025-10-24T02:56:33.757Z","","2025-10-24T02:56:33.757Z","47","","+18104493483","","1","October 23, 2025 10:56:33 PM EDT","f62f714d8e8658cff3c4596681e98e6d0618bbc55e9d9c76a0f5065f9c875fa7","calls-20251024002251","com.android.phone/com.android.services.telephony.TelephonyConnectionService","1","2","00-00-01-9b-64-bd-71-7c-80-29-03-c1-c8-96-79-71"
"Rob","2025-10-24T02:58:32.767Z","","2025-10-24T02:58:32.767Z","0","","+18105223283","","1","October 23, 2025 10:58:32 PM EDT","a4f1cd8a874a388431e25ad65b5153173a8b6b7c7ab5e166b39aa9b1e8fd8c02","calls-20251024002251","com.android.phone/com.android.services.telephony.TelephonyConnectionService","1","3","00-00-01-9b-64-bd-79-71-b4-a0-f4-76-52-15-8e-41"
