source,destination,bytes,provider_version_id,sha1,byline,status
b2://salem-data/consignatio/casevault/recovery/library-sources/fct-recovery-20261004-01a10902/6ac30fbb95c8e95e018a2f76a5f4e0b4911f5d46e00828972b2eb8b1599bb10b/Family Law Litigation.zip,b2://salem-data/consignatio/casevault/Recovered/library-sources/fct-recovery-20261004-01a10902/6ac30fbb95c8e95e018a2f76a5f4e0b4911f5d46e00828972b2eb8b1599bb10b/Family Law Litigation.zip,1984174,4_z114e88e7f165bde198f00913_f111f8367238e9325_d20261004_m222023_c004_v0402034_t0011_u01791152423708,11e1e2cb4467d98daea40307adf24027dc309a69,Codex / GPT-6 / 2026-10-04,planned; no move
b2://salem-data/consignatio/casevault/recovery/library-sources/fct-recovery-20261004-01a10902/6ac30fbb95c8e95e018a2f76a5f4e0b4911f5d46e00828972b2eb8b1599bb10b/Family Law Litigation.zip.preservation.json,b2://salem-data/consignatio/casevault/Recovered/library-sources/fct-recovery-20261004-01a10902/6ac30fbb95c8e95e018a2f76a5f4e0b4911f5d46e00828972b2eb8b1599bb10b/Family Law Litigation.zip.preservation.json,861,4_z114e88e7f165bde198f00913_f103ed6a32d9f15ff_d20261004_m222025_c004_v0402038_t0020_u01791152425749,bfd4099f19277e2af0e76d78bc7ce87f082134a5,Codex / GPT-6 / 2026-10-04,planned; no move
b2://salem-data/consignatio/casevault/recovery/library-sources/fct-recovery-20261004-01a10902/6ac30fbb95c8e95e018a2f76a5f4e0b4911f5d46e00828972b2eb8b1599bb10b/Family Law Litigation.zip.preservation.json.verified.json,b2://salem-data/consignatio/casevault/Recovered/library-sources/fct-recovery-20261004-01a10902/6ac30fbb95c8e95e018a2f76a5f4e0b4911f5d46e00828972b2eb8b1599bb10b/Family Law Litigation.zip.preservation.json.verified.json,1346,4_z114e88e7f165bde198f00913_f10590407ca1b7439_d20261004_m222026_c004_v0402025_t0020_u01791152426522,dfe754f90bb35b82bfeb455ad13d2e13d1fd0234,Codex / GPT-6 / 2026-10-04,planned; no move
b2://salem-data/consignatio/casevault/recovery/library-sources/fct-recovery-20261004-01a10902/6ac30fbb95c8e95e018a2f76a5f4e0b4911f5d46e00828972b2eb8b1599bb10b/Family Law Litigation1.zip,b2://salem-data/consignatio/casevault/Recovered/library-sources/fct-recovery-20261004-01a10902/6ac30fbb95c8e95e018a2f76a5f4e0b4911f5d46e00828972b2eb8b1599bb10b/Family Law Litigation1.zip,320565,4_z114e88e7f165bde198f00913_f104f80d8f814d472_d20261004_m222027_c004_v0402038_t0037_u01791152427394,c07ed252cfe2738ded0b686b48839cc9238578cc,Codex / GPT-6 / 2026-10-04,planned; no move
b2://salem-data/consignatio/casevault/recovery/library-sources/fct-recovery-20261004-01a10902/6ac30fbb95c8e95e018a2f76a5f4e0b4911f5d46e00828972b2eb8b1599bb10b/Family Law Litigation1.zip.preservation.json,b2://salem-data/consignatio/casevault/Recovered/library-sources/fct-recovery-20261004-01a10902/6ac30fbb95c8e95e018a2f76a5f4e0b4911f5d46e00828972b2eb8b1599bb10b/Family Law Litigation1.zip.preservation.json,863,4_z114e88e7f165bde198f00913_f117dd44f4268d435_d20261004_m222028_c004_v0402007_t0013_u01791152428163,8a06fac273493a127ba8f8ef3f76dc02e9263540,Codex / GPT-6 / 2026-10-04,planned; no move
b2://salem-data/consignatio/casevault/recovery/library-sources/fct-recovery-20261004-01a10902/6ac30fbb95c8e95e018a2f76a5f4e0b4911f5d46e00828972b2eb8b1599bb10b/Family Law Litigation1.zip.preservation.json.verified.json,b2://salem-data/consignatio/casevault/Recovered/library-sources/fct-recovery-20261004-01a10902/6ac30fbb95c8e95e018a2f76a5f4e0b4911f5d46e00828972b2eb8b1599bb10b/Family Law Litigation1.zip.preservation.json.verified.json,1349,4_z114e88e7f165bde198f00913_f116a4f8278bfaa2b_d20261004_m222029_c004_v0402003_t0030_u01791152429042,fae1175a4a1149405a747f7b08e5057701a4900c,Codex / GPT-6 / 2026-10-04,planned; no move
b2://salem-data/consignatio/casevault/recovery/library-sources/fct-recovery-20261004-01a10902/6ac30fbb95c8e95e018a2f76a5f4e0b4911f5d46e00828972b2eb8b1599bb10b/Michigan Custody and Child Support Training.zip,b2://salem-data/consignatio/casevault/Recovered/library-sources/fct-recovery-20261004-01a10902/6ac30fbb95c8e95e018a2f76a5f4e0b4911f5d46e00828972b2eb8b1599bb10b/Michigan Custody and Child Support Training.zip,193388,4_z114e88e7f165bde198f00913_f110009e06c4f3063_d20261004_m222029_c004_v0402037_t0048_u01791152429777,f3468d04a68277b60c090059ad53ed167afc5141,Codex / GPT-6 / 2026-10-04,planned; no move
b2://salem-data/consignatio/casevault/recovery/library-sources/fct-recovery-20261004-01a10902/6ac30fbb95c8e95e018a2f76a5f4e0b4911f5d46e00828972b2eb8b1599bb10b/Michigan Custody and Child Support Training.zip.preservation.json,b2://salem-data/consignatio/casevault/Recovered/library-sources/fct-recovery-20261004-01a10902/6ac30fbb95c8e95e018a2f76a5f4e0b4911f5d46e00828972b2eb8b1599bb10b/Michigan Custody and Child Support Training.zip.preservation.json,932,4_z114e88e7f165bde198f00913_f10883b6f3d0094c6_d20261004_m222030_c004_v0402002_t0019_u01791152430219,2e34c3c03c6d58d6c3442519f54bc87e87e7196d,Codex / GPT-6 / 2026-10-04,planned; no move
b2://salem-data/consignatio/casevault/recovery/library-sources/fct-recovery-20261004-01a10902/6ac30fbb95c8e95e018a2f76a5f4e0b4911f5d46e00828972b2eb8b1599bb10b/Michigan Custody and Child Support Training.zip.preservation.json.verified.json,b2://salem-data/consignatio/casevault/Recovered/library-sources/fct-recovery-20261004-01a10902/6ac30fbb95c8e95e018a2f76a5f4e0b4911f5d46e00828972b2eb8b1599bb10b/Michigan Custody and Child Support Training.zip.preservation.json.verified.json,1439,4_z114e88e7f165bde198f00913_f1097cc728ff86546_d20261004_m222031_c004_v0402032_t0036_u01791152431049,94de81e4ab007063865759ae61fe37abc30fca34,Codex / GPT-6 / 2026-10-04,planned; no move
b2://salem-data/consignatio/casevault/recovery/library-sources/fct-recovery-20261004-01a10902/6ac30fbb95c8e95e018a2f76a5f4e0b4911f5d46e00828972b2eb8b1599bb10b/artifacts (1).zip,b2://salem-data/consignatio/casevault/Recovered/library-sources/fct-recovery-20261004-01a10902/6ac30fbb95c8e95e018a2f76a5f4e0b4911f5d46e00828972b2eb8b1599bb10b/artifacts (1).zip,497015,4_z114e88e7f165bde198f00913_f1035b8e878df75d2_d20261004_m222031_c004_v0402035_t0014_u01791152431566,1a000ec9b420fc2e48fe24aed2a94941f3afe68a,Codex / GPT-6 / 2026-10-04,planned; no move
b2://salem-data/consignatio/casevault/recovery/library-sources/fct-recovery-20261004-01a10902/6ac30fbb95c8e95e018a2f76a5f4e0b4911f5d46e00828972b2eb8b1599bb10b/artifacts (1).zip.preservation.json,b2://salem-data/consignatio/casevault/Recovered/library-sources/fct-recovery-20261004-01a10902/6ac30fbb95c8e95e018a2f76a5f4e0b4911f5d46e00828972b2eb8b1599bb10b/artifacts (1).zip.preservation.json,838,4_z114e88e7f165bde198f00913_f116c5c7523bd6ebf_d20261004_m222032_c004_v0402037_t0032_u01791152432100,a2f226712d46bd04a5098270ef3b6eb4883a4682,Codex / GPT-6 / 2026-10-04,planned; no move
b2://salem-data/consignatio/casevault/recovery/library-sources/fct-recovery-20261004-01a10902/6ac30fbb95c8e95e018a2f76a5f4e0b4911f5d46e00828972b2eb8b1599bb10b/artifacts (1).zip.preservation.json.verified.json,b2://salem-data/consignatio/casevault/Recovered/library-sources/fct-recovery-20261004-01a10902/6ac30fbb95c8e95e018a2f76a5f4e0b4911f5d46e00828972b2eb8b1599bb10b/artifacts (1).zip.preservation.json.verified.json,1315,4_z114e88e7f165bde198f00913_f101476448f8a76b6_d20261004_m222033_c004_v0402019_t0032_u01791152433318,c731271f55a88368daf5b754e0e2dc3e7c6f3f6d,Codex / GPT-6 / 2026-10-04,planned; no move
b2://salem-data/consignatio/casevault/recovery/library-sources/fct-recovery-20261004-01a10902/6ac30fbb95c8e95e018a2f76a5f4e0b4911f5d46e00828972b2eb8b1599bb10b/artifacts (2).zip,b2://salem-data/consignatio/casevault/Recovered/library-sources/fct-recovery-20261004-01a10902/6ac30fbb95c8e95e018a2f76a5f4e0b4911f5d46e00828972b2eb8b1599bb10b/artifacts (2).zip,376282,4_z114e88e7f165bde198f00913_f1112182d8c83ec3f_d20261004_m222034_c004_v0402018_t0013_u01791152434334,41f12c10167985845a3752cc3c33bb65beb03222,Codex / GPT-6 / 2026-10-04,planned; no move
b2://salem-data/consignatio/casevault/recovery/library-sources/fct-recovery-20261004-01a10902/6ac30fbb95c8e95e018a2f76a5f4e0b4911f5d46e00828972b2eb8b1599bb10b/artifacts (2).zip.preservation.json,b2://salem-data/consignatio/casevault/Recovered/library-sources/fct-recovery-20261004-01a10902/6ac30fbb95c8e95e018a2f76a5f4e0b4911f5d46e00828972b2eb8b1599bb10b/artifacts (2).zip.preservation.json,838,4_z114e88e7f165bde198f00913_f10655fc9f1fc8281_d20261004_m222035_c004_v0402035_t0009_u01791152435021,ebd89ed3f12929b7c34520d4903917b8c505ccfa,Codex / GPT-6 / 2026-10-04,planned; no move
b2://salem-data/consignatio/casevault/recovery/library-sources/fct-recovery-20261004-01a10902/6ac30fbb95c8e95e018a2f76a5f4e0b4911f5d46e00828972b2eb8b1599bb10b/artifacts (2).zip.preservation.json.verified.json,b2://salem-data/consignatio/casevault/Recovered/library-sources/fct-recovery-20261004-01a10902/6ac30fbb95c8e95e018a2f76a5f4e0b4911f5d46e00828972b2eb8b1599bb10b/artifacts (2).zip.preservation.json.verified.json,1315,4_z114e88e7f165bde198f00913_f1013eff86b83e885_d20261004_m222035_c004_v0402037_t0059_u01791152435817,491a4cbefc836df50d8f03063cb26cd6b454a1a9,Codex / GPT-6 / 2026-10-04,planned; no move
b2://salem-data/consignatio/casevault/recovery/library-sources/fct-recovery-20261004-01a10902/6ac30fbb95c8e95e018a2f76a5f4e0b4911f5d46e00828972b2eb8b1599bb10b/artifacts.zip,b2://salem-data/consignatio/casevault/Recovered/library-sources/fct-recovery-20261004-01a10902/6ac30fbb95c8e95e018a2f76a5f4e0b4911f5d46e00828972b2eb8b1599bb10b/artifacts.zip,77850,4_z114e88e7f165bde198f00913_f107a923a12002ffc_d20261004_m222036_c004_v0402003_t0023_u01791152436247,b47a5c68c91a9b33e9d6946edcfe276932027760,Codex / GPT-6 / 2026-10-04,planned; no move
b2://salem-data/consignatio/casevault/recovery/library-sources/fct-recovery-20261004-01a10902/6ac30fbb95c8e95e018a2f76a5f4e0b4911f5d46e00828972b2eb8b1599bb10b/artifacts.zip.preservation.json,b2://salem-data/consignatio/casevault/Recovered/library-sources/fct-recovery-20261004-01a10902/6ac30fbb95c8e95e018a2f76a5f4e0b4911f5d46e00828972b2eb8b1599bb10b/artifacts.zip.preservation.json,819,4_z114e88e7f165bde198f00913_f10905259d9197aee_d20261004_m222036_c004_v0402016_t0057_u01791152436906,2de527ab440901ce5260887d9038c4ae9137f0a1,Codex / GPT-6 / 2026-10-04,planned; no move
b2://salem-data/consignatio/casevault/recovery/library-sources/fct-recovery-20261004-01a10902/6ac30fbb95c8e95e018a2f76a5f4e0b4911f5d46e00828972b2eb8b1599bb10b/artifacts.zip.preservation.json.verified.json,b2://salem-data/consignatio/casevault/Recovered/library-sources/fct-recovery-20261004-01a10902/6ac30fbb95c8e95e018a2f76a5f4e0b4911f5d46e00828972b2eb8b1599bb10b/artifacts.zip.preservation.json.verified.json,1292,4_z114e88e7f165bde198f00913_f11618522511a72b8_d20261004_m222037_c004_v0402027_t0020_u01791152437853,e2c93c41f9f8d949da2358724927226fd8fdc31b,Codex / GPT-6 / 2026-10-04,planned; no move
b2://salem-data/consignatio/casevault/recovery/library-sources/fct-recovery-20261004-01a10902/6ac30fbb95c8e95e018a2f76a5f4e0b4911f5d46e00828972b2eb8b1599bb10b/custodyfull.zip,b2://salem-data/consignatio/casevault/Recovered/library-sources/fct-recovery-20261004-01a10902/6ac30fbb95c8e95e018a2f76a5f4e0b4911f5d46e00828972b2eb8b1599bb10b/custodyfull.zip,26108995,4_z114e88e7f165bde198f00913_f113bc99c0844bfa5_d20261004_m222039_c004_v0402033_t0021_u01791152439083,b890c95bf9d207b22afc1a736df5030d3f31060f,Codex / GPT-6 / 2026-10-04,planned; no move
b2://salem-data/consignatio/casevault/recovery/library-sources/fct-recovery-20261004-01a10902/6ac30fbb95c8e95e018a2f76a5f4e0b4911f5d46e00828972b2eb8b1599bb10b/custodyfull.zip.preservation.json,b2://salem-data/consignatio/casevault/Recovered/library-sources/fct-recovery-20261004-01a10902/6ac30fbb95c8e95e018a2f76a5f4e0b4911f5d46e00828972b2eb8b1599bb10b/custodyfull.zip.preservation.json,828,4_z114e88e7f165bde198f00913_f112e3e156a6633c2_d20261004_m222044_c004_v0402038_t0006_u01791152444597,5850f9ebf0e08a229a6c2242bdd825278fa0d50a,Codex / GPT-6 / 2026-10-04,planned; no move
b2://salem-data/consignatio/casevault/recovery/library-sources/fct-recovery-20261004-01a10902/6ac30fbb95c8e95e018a2f76a5f4e0b4911f5d46e00828972b2eb8b1599bb10b/custodyfull.zip.preservation.json.verified.json,b2://salem-data/consignatio/casevault/Recovered/library-sources/fct-recovery-20261004-01a10902/6ac30fbb95c8e95e018a2f76a5f4e0b4911f5d46e00828972b2eb8b1599bb10b/custodyfull.zip.preservation.json.verified.json,1303,4_z114e88e7f165bde198f00913_f1086c70bd0394d5b_d20261004_m222045_c004_v0402031_t0001_u01791152445831,2418745be833c2eb21c77cf754b60b3feab6dc5f,Codex / GPT-6 / 2026-10-04,planned; no move
b2://salem-data/consignatio/casevault/recovery/library-sources/fct-recovery-20261004-01a10902/6ac30fbb95c8e95e018a2f76a5f4e0b4911f5d46e00828972b2eb8b1599bb10b/custodyguide_v1complete_20260812.zip,b2://salem-data/consignatio/casevault/Recovered/library-sources/fct-recovery-20261004-01a10902/6ac30fbb95c8e95e018a2f76a5f4e0b4911f5d46e00828972b2eb8b1599bb10b/custodyguide_v1complete_20260812.zip,27795631,4_z114e88e7f165bde198f00913_f1039ca9b1bcccc9c_d20261004_m222046_c004_v0402017_t0028_u01791152446581,e501e0e36c1d439cc46207c0e5a73aee2aedfebe,Codex / GPT-6 / 2026-10-04,planned; no move
b2://salem-data/consignatio/casevault/recovery/library-sources/fct-recovery-20261004-01a10902/6ac30fbb95c8e95e018a2f76a5f4e0b4911f5d46e00828972b2eb8b1599bb10b/custodyguide_v1complete_20260812.zip.preservation.json,b2://salem-data/consignatio/casevault/Recovered/library-sources/fct-recovery-20261004-01a10902/6ac30fbb95c8e95e018a2f76a5f4e0b4911f5d46e00828972b2eb8b1599bb10b/custodyguide_v1complete_20260812.zip.preservation.json,891,4_z114e88e7f165bde198f00913_f1168fca7634d7f6e_d20261004_m222051_c004_v0402018_t0028_u01791152451954,9dc2e5f7b3d664db0c1c1dcc45c7cd3480f53d8f,Codex / GPT-6 / 2026-10-04,planned; no move
b2://salem-data/consignatio/casevault/recovery/library-sources/fct-recovery-20261004-01a10902/6ac30fbb95c8e95e018a2f76a5f4e0b4911f5d46e00828972b2eb8b1599bb10b/custodyguide_v1complete_20260812.zip.preservation.json.verified.json,b2://salem-data/consignatio/casevault/Recovered/library-sources/fct-recovery-20261004-01a10902/6ac30fbb95c8e95e018a2f76a5f4e0b4911f5d46e00828972b2eb8b1599bb10b/custodyguide_v1complete_20260812.zip.preservation.json.verified.json,1387,4_z114e88e7f165bde198f00913_f1095e64ff313db4e_d20261004_m222053_c004_v0402038_t0035_u01791152453400,5f8d6b2a335169e300365419b37293b0786b59e5,Codex / GPT-6 / 2026-10-04,planned; no move
b2://salem-data/consignatio/casevault/recovery/library-sources/fct-recovery-20261004-01a10902/6ac30fbb95c8e95e018a2f76a5f4e0b4911f5d46e00828972b2eb8b1599bb10b/custodyguidecomplete_20260812.zip,b2://salem-data/consignatio/casevault/Recovered/library-sources/fct-recovery-20261004-01a10902/6ac30fbb95c8e95e018a2f76a5f4e0b4911f5d46e00828972b2eb8b1599bb10b/custodyguidecomplete_20260812.zip,27553513,4_z114e88e7f165bde198f00913_f112920733f40af84_d20261004_m222054_c004_v0402021_t0004_u01791152454480,882f987432d24172fc0c785ebd5fc67360cab6c2,Codex / GPT-6 / 2026-10-04,planned; no move
b2://salem-data/consignatio/casevault/recovery/library-sources/fct-recovery-20261004-01a10902/6ac30fbb95c8e95e018a2f76a5f4e0b4911f5d46e00828972b2eb8b1599bb10b/custodyguidecomplete_20260812.zip.preservation.json,b2://salem-data/consignatio/casevault/Recovered/library-sources/fct-recovery-20261004-01a10902/6ac30fbb95c8e95e018a2f76a5f4e0b4911f5d46e00828972b2eb8b1599bb10b/custodyguidecomplete_20260812.zip.preservation.json,882,4_z114e88e7f165bde198f00913_f118e70177a123ff7_d20261004_m222057_c004_v0402016_t0041_u01791152457668,5de921d963fe96bf9f4eb8d8c0d7d58e86c2357c,Codex / GPT-6 / 2026-10-04,planned; no move
b2://salem-data/consignatio/casevault/recovery/library-sources/fct-recovery-20261004-01a10902/6ac30fbb95c8e95e018a2f76a5f4e0b4911f5d46e00828972b2eb8b1599bb10b/custodyguidecomplete_20260812.zip.preservation.json.verified.json,b2://salem-data/consignatio/casevault/Recovered/library-sources/fct-recovery-20261004-01a10902/6ac30fbb95c8e95e018a2f76a5f4e0b4911f5d46e00828972b2eb8b1599bb10b/custodyguidecomplete_20260812.zip.preservation.json.verified.json,1375,4_z114e88e7f165bde198f00913_f119b7ba3036a81b3_d20261004_m222058_c004_v0402003_t0057_u01791152458964,df9693a730246336116fce5f7102d66b86ef7a4b,Codex / GPT-6 / 2026-10-04,planned; no move
b2://salem-data/consignatio/casevault/recovery/library-sources/fct-recovery-20261004-01a10902/6ac30fbb95c8e95e018a2f76a5f4e0b4911f5d46e00828972b2eb8b1599bb10b/custodypacketkit.zip,b2://salem-data/consignatio/casevault/Recovered/library-sources/fct-recovery-20261004-01a10902/6ac30fbb95c8e95e018a2f76a5f4e0b4911f5d46e00828972b2eb8b1599bb10b/custodypacketkit.zip,177446,4_z114e88e7f165bde198f00913_f1167d4631f714343_d20261004_m222059_c004_v0402006_t0016_u01791152459741,ca5e90aa059901aebacd4b9bca360a7f1debad94,Codex / GPT-6 / 2026-10-04,planned; no move
b2://salem-data/consignatio/casevault/recovery/library-sources/fct-recovery-20261004-01a10902/6ac30fbb95c8e95e018a2f76a5f4e0b4911f5d46e00828972b2eb8b1599bb10b/custodypacketkit.zip.preservation.json,b2://salem-data/consignatio/casevault/Recovered/library-sources/fct-recovery-20261004-01a10902/6ac30fbb95c8e95e018a2f76a5f4e0b4911f5d46e00828972b2eb8b1599bb10b/custodypacketkit.zip.preservation.json,841,4_z114e88e7f165bde198f00913_f1072436ab383f246_d20261004_m222100_c004_v0402019_t0031_u01791152460338,f3f6a3b6faa391d98648fd0b0fc61e2a52f0f53e,Codex / GPT-6 / 2026-10-04,planned; no move
b2://salem-data/consignatio/casevault/recovery/library-sources/fct-recovery-20261004-01a10902/6ac30fbb95c8e95e018a2f76a5f4e0b4911f5d46e00828972b2eb8b1599bb10b/custodypacketkit.zip.preservation.json.verified.json,b2://salem-data/consignatio/casevault/Recovered/library-sources/fct-recovery-20261004-01a10902/6ac30fbb95c8e95e018a2f76a5f4e0b4911f5d46e00828972b2eb8b1599bb10b/custodypacketkit.zip.preservation.json.verified.json,1321,4_z114e88e7f165bde198f00913_f1122148b899d9e5e_d20261004_m222101_c004_v0402029_t0009_u01791152461441,196da518aa39f51e1d137b24c74b51358428e607,Codex / GPT-6 / 2026-10-04,planned; no move
b2://salem-data/consignatio/casevault/recovery/library-sources/fct-recovery-20261004-01a10902/6ac30fbb95c8e95e018a2f76a5f4e0b4911f5d46e00828972b2eb8b1599bb10b/familycourttoolkirketplace.zip,b2://salem-data/consignatio/casevault/Recovered/library-sources/fct-recovery-20261004-01a10902/6ac30fbb95c8e95e018a2f76a5f4e0b4911f5d46e00828972b2eb8b1599bb10b/familycourttoolkirketplace.zip,2448757,4_z114e88e7f165bde198f00913_f104d598b5eb72266_d20261004_m222102_c004_v0402033_t0001_u01791152462158,41839e93e775c174e86c05a78dafc29fa88e7fb2,Codex / GPT-6 / 2026-10-04,planned; no move
b2://salem-data/consignatio/casevault/recovery/library-sources/fct-recovery-20261004-01a10902/6ac30fbb95c8e95e018a2f76a5f4e0b4911f5d46e00828972b2eb8b1599bb10b/familycourttoolkirketplace.zip.preservation.json,b2://salem-data/consignatio/casevault/Recovered/library-sources/fct-recovery-20261004-01a10902/6ac30fbb95c8e95e018a2f76a5f4e0b4911f5d46e00828972b2eb8b1599bb10b/familycourttoolkirketplace.zip.preservation.json,872,4_z114e88e7f165bde198f00913_f10374fbc1b8986e9_d20261004_m222103_c004_v0402034_t0018_u01791152463574,20b75892c59d079d345fe4b5b2e6f8fa80f0e305,Codex / GPT-6 / 2026-10-04,planned; no move
b2://salem-data/consignatio/casevault/recovery/library-sources/fct-recovery-20261004-01a10902/6ac30fbb95c8e95e018a2f76a5f4e0b4911f5d46e00828972b2eb8b1599bb10b/familycourttoolkirketplace.zip.preservation.json.verified.json,b2://salem-data/consignatio/casevault/Recovered/library-sources/fct-recovery-20261004-01a10902/6ac30fbb95c8e95e018a2f76a5f4e0b4911f5d46e00828972b2eb8b1599bb10b/familycourttoolkirketplace.zip.preservation.json.verified.json,1362,4_z114e88e7f165bde198f00913_f104d598b5eb72312_d20261004_m222104_c004_v0402033_t0016_u01791152464396,1f656432b5846dc0ce0fdf0ccda15bb49f7eaa52,Codex / GPT-6 / 2026-10-04,planned; no move
b2://salem-data/consignatio/casevault/recovery/library-sources/fct-recovery-20261004-01a10902/6ac30fbb95c8e95e018a2f76a5f4e0b4911f5d46e00828972b2eb8b1599bb10b/familycourttoolkitmarketplace.zip,b2://salem-data/consignatio/casevault/Recovered/library-sources/fct-recovery-20261004-01a10902/6ac30fbb95c8e95e018a2f76a5f4e0b4911f5d46e00828972b2eb8b1599bb10b/familycourttoolkitmarketplace.zip,2244592,4_z114e88e7f165bde198f00913_f108d8e26261cd6f1_d20261004_m222105_c004_v0402005_t0014_u01791152465035,3665fcef0829f8a976047d7b3d5cefce3ba4fddc,Codex / GPT-6 / 2026-10-04,planned; no move
b2://salem-data/consignatio/casevault/recovery/library-sources/fct-recovery-20261004-01a10902/6ac30fbb95c8e95e018a2f76a5f4e0b4911f5d46e00828972b2eb8b1599bb10b/familycourttoolkitmarketplace.zip.preservation.json,b2://salem-data/consignatio/casevault/Recovered/library-sources/fct-recovery-20261004-01a10902/6ac30fbb95c8e95e018a2f76a5f4e0b4911f5d46e00828972b2eb8b1599bb10b/familycourttoolkitmarketplace.zip.preservation.json,881,4_z114e88e7f165bde198f00913_f10261c7d58a00e2d_d20261004_m222105_c004_v0402034_t0018_u01791152465934,97c152d67adecb59b2f95e3d0f8ce5d850a1e669,Codex / GPT-6 / 2026-10-04,planned; no move
b2://salem-data/consignatio/casevault/recovery/library-sources/fct-recovery-20261004-01a10902/6ac30fbb95c8e95e018a2f76a5f4e0b4911f5d46e00828972b2eb8b1599bb10b/familycourttoolkitmarketplace.zip.preservation.json.verified.json,b2://salem-data/consignatio/casevault/Recovered/library-sources/fct-recovery-20261004-01a10902/6ac30fbb95c8e95e018a2f76a5f4e0b4911f5d46e00828972b2eb8b1599bb10b/familycourttoolkitmarketplace.zip.preservation.json.verified.json,1374,4_z114e88e7f165bde198f00913_f10143d9741db8e55_d20261004_m222106_c004_v0402033_t0036_u01791152466633,fb6b0d745f6368582e62cff5d630b343b826d0a9,Codex / GPT-6 / 2026-10-04,planned; no move
b2://salem-data/consignatio/casevault/recovery/library-sources/fct-recovery-20261004-01a10902/6ac30fbb95c8e95e018a2f76a5f4e0b4911f5d46e00828972b2eb8b1599bb10b/familycourttoolkmarketplace.zip,b2://salem-data/consignatio/casevault/Recovered/library-sources/fct-recovery-20261004-01a10902/6ac30fbb95c8e95e018a2f76a5f4e0b4911f5d46e00828972b2eb8b1599bb10b/familycourttoolkmarketplace.zip,24979158,4_z114e88e7f165bde198f00913_f1051a1bb231328aa_d20261004_m222107_c004_v0402033_t0004_u01791152467629,aa8ca2fba4ef21d05d47948c8a67f3bcb7019933,Codex / GPT-6 / 2026-10-04,planned; no move
b2://salem-data/consignatio/casevault/recovery/library-sources/fct-recovery-20261004-01a10902/6ac30fbb95c8e95e018a2f76a5f4e0b4911f5d46e00828972b2eb8b1599bb10b/familycourttoolkmarketplace.zip.preservation.json,b2://salem-data/consignatio/casevault/Recovered/library-sources/fct-recovery-20261004-01a10902/6ac30fbb95c8e95e018a2f76a5f4e0b4911f5d46e00828972b2eb8b1599bb10b/familycourttoolkmarketplace.zip.preservation.json,876,4_z114e88e7f165bde198f00913_f11632b842ff70cf5_d20261004_m222110_c004_v0402029_t0005_u01791152470759,e2c12789feb5fc0ced0502f6ac8e956df6edee4b,Codex / GPT-6 / 2026-10-04,planned; no move
b2://salem-data/consignatio/casevault/recovery/library-sources/fct-recovery-20261004-01a10902/6ac30fbb95c8e95e018a2f76a5f4e0b4911f5d46e00828972b2eb8b1599bb10b/familycourttoolkmarketplace.zip.preservation.json.verified.json,b2://salem-data/consignatio/casevault/Recovered/library-sources/fct-recovery-20261004-01a10902/6ac30fbb95c8e95e018a2f76a5f4e0b4911f5d46e00828972b2eb8b1599bb10b/familycourttoolkmarketplace.zip.preservation.json.verified.json,1367,4_z114e88e7f165bde198f00913_f108fdd890686cce3_d20261004_m222112_c004_v0402017_t0027_u01791152472349,3dd3cf6438848e2d734dd41759a2c7898666aa27,Codex / GPT-6 / 2026-10-04,planned; no move
b2://salem-data/consignatio/casevault/recovery/library-sources/fct-recovery-20261004-01a10902/6ac30fbb95c8e95e018a2f76a5f4e0b4911f5d46e00828972b2eb8b1599bb10b/genesee-family-court-toolkit.zip,b2://salem-data/consignatio/casevault/Recovered/library-sources/fct-recovery-20261004-01a10902/6ac30fbb95c8e95e018a2f76a5f4e0b4911f5d46e00828972b2eb8b1599bb10b/genesee-family-court-toolkit.zip,418059,4_z114e88e7f165bde198f00913_f10868d7ea339221c_d20261004_m222113_c004_v0402014_t0043_u01791152473085,16d5ce94be8a5506623ab810661c8344635d34e6,Codex / GPT-6 / 2026-10-04,planned; no move
b2://salem-data/consignatio/casevault/recovery/library-sources/fct-recovery-20261004-01a10902/6ac30fbb95c8e95e018a2f76a5f4e0b4911f5d46e00828972b2eb8b1599bb10b/genesee-family-court-toolkit.zip.preservation.json,b2://salem-data/consignatio/casevault/Recovered/library-sources/fct-recovery-20261004-01a10902/6ac30fbb95c8e95e018a2f76a5f4e0b4911f5d46e00828972b2eb8b1599bb10b/genesee-family-court-toolkit.zip.preservation.json,877,4_z114e88e7f165bde198f00913_f1051a1bb23132a32_d20261004_m222113_c004_v0402033_t0000_u01791152473751,7e1dc069e96ebd2c9f2280713de5e21c61ee535c,Codex / GPT-6 / 2026-10-04,planned; no move
b2://salem-data/consignatio/casevault/recovery/library-sources/fct-recovery-20261004-01a10902/6ac30fbb95c8e95e018a2f76a5f4e0b4911f5d46e00828972b2eb8b1599bb10b/genesee-family-court-toolkit.zip.preservation.json.verified.json,b2://salem-data/consignatio/casevault/Recovered/library-sources/fct-recovery-20261004-01a10902/6ac30fbb95c8e95e018a2f76a5f4e0b4911f5d46e00828972b2eb8b1599bb10b/genesee-family-court-toolkit.zip.preservation.json.verified.json,1369,4_z114e88e7f165bde198f00913_f1169b20c1e80df9a_d20261004_m222114_c004_v0402030_t0009_u01791152474654,ba912f68cc623523c6b2de0ffa75f306185a3366,Codex / GPT-6 / 2026-10-04,planned; no move
b2://salem-data/consignatio/casevault/recovery/library-sources/fct-recovery-20261004-01a10902/6ac30fbb95c8e95e018a2f76a5f4e0b4911f5d46e00828972b2eb8b1599bb10b/geneseepluginmarketplace.zip,b2://salem-data/consignatio/casevault/Recovered/library-sources/fct-recovery-20261004-01a10902/6ac30fbb95c8e95e018a2f76a5f4e0b4911f5d46e00828972b2eb8b1599bb10b/geneseepluginmarketplace.zip,1117789,4_z114e88e7f165bde198f00913_f103ed6a32d9f37b8_d20261004_m222115_c004_v0402038_t0020_u01791152475324,147e5e540f11d7419fba3893d05c33f0284171af,Codex / GPT-6 / 2026-10-04,planned; no move
b2://salem-data/consignatio/casevault/recovery/library-sources/fct-recovery-20261004-01a10902/6ac30fbb95c8e95e018a2f76a5f4e0b4911f5d46e00828972b2eb8b1599bb10b/geneseepluginmarketplace.zip.preservation.json,b2://salem-data/consignatio/casevault/Recovered/library-sources/fct-recovery-20261004-01a10902/6ac30fbb95c8e95e018a2f76a5f4e0b4911f5d46e00828972b2eb8b1599bb10b/geneseepluginmarketplace.zip.preservation.json,866,4_z114e88e7f165bde198f00913_f11423961371d7cbf_d20261004_m222116_c004_v0402003_t0006_u01791152476455,856d1e3fa3c4f117fd92d01ae4af023de0449b04,Codex / GPT-6 / 2026-10-04,planned; no move
b2://salem-data/consignatio/casevault/recovery/library-sources/fct-recovery-20261004-01a10902/6ac30fbb95c8e95e018a2f76a5f4e0b4911f5d46e00828972b2eb8b1599bb10b/geneseepluginmarketplace.zip.preservation.json.verified.json,b2://salem-data/consignatio/casevault/Recovered/library-sources/fct-recovery-20261004-01a10902/6ac30fbb95c8e95e018a2f76a5f4e0b4911f5d46e00828972b2eb8b1599bb10b/geneseepluginmarketplace.zip.preservation.json.verified.json,1354,4_z114e88e7f165bde198f00913_f11217f75bb1df1c0_d20261004_m222117_c004_v0402011_t0037_u01791152477621,ad97a7934dd4c74f43a71fe451bba700384a79a5,Codex / GPT-6 / 2026-10-04,planned; no move
