Era/Year,Event,THE FULL CONTEXT (The Raw Reality),THE IMPRINT (Trait/Behavior Created → Impact on Current Self)
"c. 1993
(Age ~8)",The Dual Nature,"Mother was beloved Scout Leader, 'kindest person ever' when sober. When she drank vodka, she became 'mean.' Two distinct personalities in one person.",Hyper-Vigilance for the 'Switch': Learned people have two faces. Likely hyper-focused on detecting 'masking' in others because spent childhood watching 'Saint' turn into 'Sinner' every night. Doesn't trust public personas because knows what happens behind closed doors.
"c. 1994-1995
(Age 9-10)",The Table of Pills,Came home to find table full of pills and suicide notes. This happened 'every other year.' Was displaced to cousin's house during mother's psych ward stays.,"Crisis Normalization: Learned to function in middle of life-or-death chaos. Knows logistics of psychiatric committal because lived them as child. Crisis became the baseline, not the exception."
"c. 1997-1998
(Age 12-13)",Christmas in the Ditch,"Mother drove drunk, committed hit-and-run, car ended in ditch on Christmas Day. This occurred during peak chaos of parents' divorce. Met stepfather for first time during this incident. Mother had met stepfather in psych ward when user was ~12.",Safety Rigidity: Core memory linking 'Celebration/Holidays' with 'Danger/DUI.' Likely fuels current anxiety/insistence on safety protocols during holidays. Understands how divorce + substance abuse = danger to child.
"c. 1999
(Age ~14)",The Void (Vegas),"Biological father lost his store, moved to Las Vegas. No contact for 2 years. Stepfather (who met mother in psych ward) stepped in as primary connection.","Definition of Fatherhood = Presence: Learned biology doesn't guarantee presence. Bonded with person who stayed (stepfather), creating deep loyalty to 'presence' over 'blood.' Current fight for custody is direct rejection of own father's choice to leave. 'I will never be the father in Vegas.'"
"High School Era
(c. 2000-2003)",Robotics Refusal,Science teacher insisted user join Robotics team due to talent. User refused solely because of 'Mandatory Parent Meeting' - couldn't risk exposing mother's condition. Mother had gone from 'everyone loved and knew' to 'someone I hid from.',"Lost Potential / The Cost of Hiding: Sacrificed own success to protect family secret. Understands that hiding addiction costs the child their future. Drives current commitment to attend all child's school/therapy meetings, ensuring child never has to decline opportunity to hide parent."
"c. 2001
(Age ~16)",The Knife in the Door,"Mother's drinking 'at worse.' She attacked stepfather with a knife as he entered the trailer. User physically intervened, swung door to stop her, knife stuck in wood. 'Big fight, terrible.'",The Protector Switch: Stopped being child hiding from alcoholic and became physical shield stopping violence. Pivoted from passive victim to active protector. Views self as designated shield when things get dangerous. 'I don't just dislike conflict—I stop it.'
"Teen Years
(Age 14-19)",The Reactive Phase,"User describes self as 'angry, violent, unstable.' Admits to 'breaking things even hitting my mother which I still have a hard time discussing.' Only ex-wife Jessie and Katrina (Respondent in current case) know. Uncontrolled Bipolar disorder.","The Shadow Self: Knows has capacity for violence and control when destabilized. Current stability isn't accidental; it is deliberate, daily rejection of this version of self. 20+ year gap since incidents = proof of sustained change."
"Age 16
(c. 2001-2002)",First Child (Natalie),"User was 'young, stupid, and a hot mess.' First child born (Natalie, mother: Tasha - girlfriend, broke up before birth). User wasn't there for her. Mother and stepfather had more relationship with Natalie than user did. Natalie is the only one of user's 5 children that user's mother ever knew.",The Regret / Over-Correction: Carries guilt of being absentee father to first child. Drives 'over-correction' with current child—attempting to be father now that failed to be then.
"c. 2001-2004
(Age 16-19)",Toxic Relationship + OD Pattern,"Met ex-wife Jessie in 2001, relationship 'turned toxic.' User: 'very insecure, very low self esteem, afraid of loss and over controlling.' Bipolar wasn't under control. Multiple attempted ODs on over-the-counter pills.",Understanding 'Manic' Decisions + Trauma Bonding: Knows firsthand that major life choices made in crisis (marriage) are doomed. Recognizes 'trauma bonding' because initiated marriage based on it. Can identify when decisions are driven by desperation vs stability.
"c. 2003-2004
(Age 18-19)",Substance Escalation,Started taking 'a lot of ecstasy' around 2003. Escalated to cocaine in 2004.,Pattern Recognition: Escalation path from recreational use → dependence is not theoretical—it's lived experience. Understands progression markers and warning signs from inside.
"c. 2004
(Age ~19)",The Hospital Proposal,Proposed to Jessie while laying in hospital bed after suicide attempt. Decision made in total desperation and mental health crisis.,Crisis vs. Love Awareness: Learned hard way that 'Crisis Bonding' is not love. Knows exactly what 'manic decision' looks like because made them. Trauma drives current intolerance for chaos.
"c. 2004
(Age ~19)",The Forged Marriage,Friends refused to witness marriage because they knew it was wrong. User had to forge two friends' signatures to make marriage happen. Marriage officiated by friend ordained online just to 'use' the ordination. Hid marriage from parents until pregnancy with Morgan forced disclosure.,"Rejection of the Fake / Compulsion for Documentation: Built marriage on forgery and lies. It failed. Explains current obsession with 'The Record' and 'Truth.' Over-documents now because hid everything then. Past secrecy resulted in disaster, driving current compulsion for transparency and proof."
"Mid-2005
(Age ~20)",Pregnancy Disclosure,"Hid marriage/lifestyle from parents until pregnancy (with second child, Morgan) forced disclosure. This was 'just prior to moms suicide' [user stopped sharing before providing details].",Isolation / Forced Disclosure: Friends refused to witness because they knew relationship was wrong. Had to maintain facade through deception until circumstances forced truth. Understands how secrets compound until they explode.
